Week,Item,Previous_Week_Consumption,Two_Weeks_Ago_Consumption,Three_Weeks_Ago_Consumption,Current_Stock,Hostel_Occupancy,Month,Item_Detergent,Item_Dishwashing_Liquid,Item_Drinking_Water,Item_Floor_Cleaner,Item_Garbage_Bags,Item_Handwash,Item_Notebooks,Item_Pens,Item_Phenyl,Item_Tissue_Paper,Item_Toilet_Paper,Category_Essentials,Category_Hygiene,Category_Personal_Care,Category_Stationery,Next_Week_Demand
1,Bathing Soap,58,54,53,75,213,1,0,0,0,0,0,0,0,0,0,0,0,0,0,1,0,78
1,Detergent,12.5,12.7,12.5,42.3,213,1,1,0,0,0,0,0,0,0,0,0,0,0,0,0,0,17.2
1,Dishwashing Liquid,7.9,7.5,7.7,26.9,213,1,0,1,0,0,0,0,0,0,0,0,0,0,0,0,0,9.8
1,Drinking Water,2254,2105,2225,10096,213,1,0,0,1,0,0,0,0,0,0,0,0,1,0,0,0,3337
1,Floor Cleaner,11.2,11.9,10.5,16.4,213,1,0,0,0,1,0,0,0,0,0,0,0,0,0,0,0,12.3
1,Garbage Bags,12,11,12,20,213,1,0,0,0,0,1,0,0,0,0,0,0,0,0,0,0,15
1,Handwash,5.3,5.4,6,8.3,213,1,0,0,0,0,0,1,0,0,0,0,0,0,0,1,0,7.9
1,Notebooks,21,16,21,38,213,1,0,0,0,0,0,0,1,0,0,0,0,0,0,0,1,32
1,Pens,30,26,24,70,213,1,0,0,0,0,0,0,0,1,0,0,0,0,0,0,1,41
1,Phenyl,15.3,15.2,13.7,40.8,213,1,0,0,0,0,0,0,0,0,1,0,0,0,0,0,0,14.5
1,Tissue Paper,13,12,13,10,213,1,0,0,0,0,0,0,0,0,0,1,0,0,1,0,0,17
1,Toilet Paper,90,81,80,329,213,1,0,0,0,0,0,0,0,0,0,0,1,0,1,0,0,142
2,Bathing Soap,78,58,54,144,311,1,0,0,0,0,0,0,0,0,0,0,0,0,0,1,0,114
2,Detergent,17.2,12.5,12.7,25.1,311,1,1,0,0,0,0,0,0,0,0,0,0,0,0,0,0,27.1
2,Dishwashing Liquid,9.8,7.9,7.5,17.1,311,1,0,1,0,0,0,0,0,0,0,0,0,0,0,0,0,11.3
2,Drinking Water,3337,2254,2105,6759,311,1,0,0,1,0,0,0,0,0,0,0,0,1,0,0,0,4923
2,Floor Cleaner,12.3,11.2,11.9,34.1,311,1,0,0,0,1,0,0,0,0,0,0,0,0,0,0,0,14.7
2,Garbage Bags,15,12,11,35,311,1,0,0,0,0,1,0,0,0,0,0,0,0,0,0,0,21
2,Handwash,7.9,5.3,5.4,15.4,311,1,0,0,0,0,0,1,0,0,0,0,0,0,0,1,0,11.5
2,Notebooks,32,21,16,78,311,1,0,0,0,0,0,0,1,0,0,0,0,0,0,0,1,47
2,Pens,41,30,26,79,311,1,0,0,0,0,0,0,0,1,0,0,0,0,0,0,1,52
2,Phenyl,14.5,15.3,15.2,26.3,311,1,0,0,0,0,0,0,0,0,1,0,0,0,0,0,0,19.5
2,Tissue Paper,17,13,12,36,311,1,0,0,0,0,0,0,0,0,0,1,0,0,1,0,0,24
2,Toilet Paper,142,90,81,135,311,1,0,0,0,0,0,0,0,0,0,0,1,0,1,0,0,180
3,Bathing Soap,114,78,58,246,372,1,0,0,0,0,0,0,0,0,0,0,0,0,0,1,0,124
3,Detergent,27.1,17.2,12.5,55,372,1,1,0,0,0,0,0,0,0,0,0,0,0,0,0,0,32.2
3,Dishwashing Liquid,11.3,9.8,7.9,25.8,372,1,0,1,0,0,0,0,0,0,0,0,0,0,0,0,0,12.1
3,Drinking Water,4923,3337,2254,6516,372,1,0,0,1,0,0,0,0,0,0,0,0,1,0,0,0,6016
3,Floor Cleaner,14.7,12.3,11.2,19.4,372,1,0,0,0,1,0,0,0,0,0,0,0,0,0,0,0,14.4
3,Garbage Bags,21,15,12,44,372,1,0,0,0,0,1,0,0,0,0,0,0,0,0,0,0,20
3,Handwash,11.5,7.9,5.3,18.9,372,1,0,0,0,0,0,1,0,0,0,0,0,0,0,1,0,13.6
3,Notebooks,47,32,21,103,372,1,0,0,0,0,0,0,1,0,0,0,0,0,0,0,1,46
3,Pens,52,41,30,113,372,1,0,0,0,0,0,0,0,1,0,0,0,0,0,0,1,56
3,Phenyl,19.5,14.5,15.3,36.8,372,1,0,0,0,0,0,0,0,0,1,0,0,0,0,0,0,23.5
3,Tissue Paper,24,17,13,48,372,1,0,0,0,0,0,0,0,0,0,1,0,0,1,0,0,29
3,Toilet Paper,180,142,90,384,372,1,0,0,0,0,0,0,0,0,0,0,1,0,1,0,0,224
4,Bathing Soap,124,114,78,122,395,1,0,0,0,0,0,0,0,0,0,0,0,0,0,1,0,149
4,Detergent,32.2,27.1,17.2,47.8,395,1,1,0,0,0,0,0,0,0,0,0,0,0,0,0,0,31.9
4,Dishwashing Liquid,12.1,11.3,9.8,13.7,395,1,0,1,0,0,0,0,0,0,0,0,0,0,0,0,0,13.4
4,Drinking Water,6016,4923,3337,13660,395,1,0,0,1,0,0,0,0,0,0,0,0,1,0,0,0,6449
4,Floor Cleaner,14.4,14.7,12.3,34.1,395,1,0,0,0,1,0,0,0,0,0,0,0,0,0,0,0,15.9
4,Garbage Bags,20,21,15,24,395,1,0,0,0,0,1,0,0,0,0,0,0,0,0,0,0,21
4,Handwash,13.6,11.5,7.9,35.3,395,1,0,0,0,0,0,1,0,0,0,0,0,0,0,1,0,15.6
4,Notebooks,46,47,32,57,395,1,0,0,0,0,0,0,1,0,0,0,0,0,0,0,1,42
4,Pens,56,52,41,71,395,1,0,0,0,0,0,0,0,1,0,0,0,0,0,0,1,55
4,Phenyl,23.5,19.5,14.5,43.3,395,1,0,0,0,0,0,0,0,0,1,0,0,0,0,0,0,25.7
4,Tissue Paper,29,24,17,67,395,1,0,0,0,0,0,0,0,0,0,1,0,0,1,0,0,30
4,Toilet Paper,224,180,142,520,395,1,0,0,0,0,0,0,0,0,0,0,1,0,1,0,0,228
5,Bathing Soap,149,124,114,288,396,2,0,0,0,0,0,0,0,0,0,0,0,0,0,1,0,163
5,Detergent,31.9,32.2,27.1,75.9,396,2,1,0,0,0,0,0,0,0,0,0,0,0,0,0,0,30.2
5,Dishwashing Liquid,13.4,12.1,11.3,25.3,396,2,0,1,0,0,0,0,0,0,0,0,0,0,0,0,0,14.9
5,Drinking Water,6449,6016,4923,16651,396,2,0,0,1,0,0,0,0,0,0,0,0,1,0,0,0,6963
5,Floor Cleaner,15.9,14.4,14.7,44.1,396,2,0,0,0,1,0,0,0,0,0,0,0,0,0,0,0,17.2
5,Garbage Bags,21,20,21,36,396,2,0,0,0,0,1,0,0,0,0,0,0,0,0,0,0,22
5,Handwash,15.6,13.6,11.5,28,396,2,0,0,0,0,0,1,0,0,0,0,0,0,0,1,0,13
5,Notebooks,42,46,47,135,396,2,0,0,0,0,0,0,1,0,0,0,0,0,0,0,1,37
5,Pens,55,56,52,166,396,2,0,0,0,0,0,0,0,1,0,0,0,0,0,0,1,52
5,Phenyl,25.7,23.5,19.5,67.6,396,2,0,0,0,0,0,0,0,0,1,0,0,0,0,0,0,24
5,Tissue Paper,30,29,24,37,396,2,0,0,0,0,0,0,0,0,0,1,0,0,1,0,0,27
5,Toilet Paper,228,224,180,292,396,2,0,0,0,0,0,0,0,0,0,0,1,0,1,0,0,219
6,Bathing Soap,163,149,124,365,399,2,0,0,0,0,0,0,0,0,0,0,0,0,0,1,0,154
6,Detergent,30.2,31.9,32.2,45.7,399,2,1,0,0,0,0,0,0,0,0,0,0,0,0,0,0,31.4
6,Dishwashing Liquid,14.9,13.4,12.1,30.4,399,2,0,1,0,0,0,0,0,0,0,0,0,0,0,0,0,12.9
6,Drinking Water,6963,6449,6016,9688,399,2,0,0,1,0,0,0,0,0,0,0,0,1,0,0,0,6875
6,Floor Cleaner,17.2,15.9,14.4,26.9,399,2,0,0,0,1,0,0,0,0,0,0,0,0,0,0,0,17.3
6,Garbage Bags,22,21,20,36,399,2,0,0,0,0,1,0,0,0,0,0,0,0,0,0,0,22
6,Handwash,13,15.6,13.6,31.7,399,2,0,0,0,0,0,1,0,0,0,0,0,0,0,1,0,14.4
6,Notebooks,37,42,46,98,399,2,0,0,0,0,0,0,1,0,0,0,0,0,0,0,1,38
6,Pens,52,55,56,114,399,2,0,0,0,0,0,0,0,1,0,0,0,0,0,0,1,53
6,Phenyl,24,25.7,23.5,43.6,399,2,0,0,0,0,0,0,0,0,1,0,0,0,0,0,0,22.9
6,Tissue Paper,27,30,29,58,399,2,0,0,0,0,0,0,0,0,0,1,0,0,1,0,0,31
6,Toilet Paper,219,228,224,329,399,2,0,0,0,0,0,0,0,0,0,0,1,0,1,0,0,223
7,Bathing Soap,154,163,149,211,394,2,0,0,0,0,0,0,0,0,0,0,0,0,0,1,0,154
7,Detergent,31.4,30.2,31.9,64.3,394,2,1,0,0,0,0,0,0,0,0,0,0,0,0,0,0,29.5
7,Dishwashing Liquid,12.9,14.9,13.4,17.5,394,2,0,1,0,0,0,0,0,0,0,0,0,0,0,0,0,13.8
7,Drinking Water,6875,6963,6449,17553,394,2,0,0,1,0,0,0,0,0,0,0,0,1,0,0,0,6645
7,Floor Cleaner,17.3,17.2,15.9,34.6,394,2,0,0,0,1,0,0,0,0,0,0,0,0,0,0,0,15.1
7,Garbage Bags,22,22,21,49,394,2,0,0,0,0,1,0,0,0,0,0,0,0,0,0,0,20
7,Handwash,14.4,13,15.6,42.3,394,2,0,0,0,0,0,1,0,0,0,0,0,0,0,1,0,16
7,Notebooks,38,37,42,60,394,2,0,0,0,0,0,0,1,0,0,0,0,0,0,0,1,37
7,Pens,53,52,55,113,394,2,0,0,0,0,0,0,0,1,0,0,0,0,0,0,1,56
7,Phenyl,22.9,24,25.7,45.7,394,2,0,0,0,0,0,0,0,0,1,0,0,0,0,0,0,24.5
7,Tissue Paper,31,27,30,87,394,2,0,0,0,0,0,0,0,0,0,1,0,0,1,0,0,33
7,Toilet Paper,223,219,228,354,394,2,0,0,0,0,0,0,0,0,0,0,1,0,1,0,0,217
8,Bathing Soap,154,154,163,345,404,2,0,0,0,0,0,0,0,0,0,0,0,0,0,1,0,133
8,Detergent,29.5,31.4,30.2,34.8,404,2,1,0,0,0,0,0,0,0,0,0,0,0,0,0,0,30.3
8,Dishwashing Liquid,13.8,12.9,14.9,43.7,404,2,0,1,0,0,0,0,0,0,0,0,0,0,0,0,0,15.4
8,Drinking Water,6645,6875,6963,10908,404,2,0,0,1,0,0,0,0,0,0,0,0,1,0,0,0,6822
8,Floor Cleaner,15.1,17.3,17.2,44.5,404,2,0,0,0,1,0,0,0,0,0,0,0,0,0,0,0,15.8
8,Garbage Bags,20,22,22,29,404,2,0,0,0,0,1,0,0,0,0,0,0,0,0,0,0,21
8,Handwash,16,14.4,13,26.3,404,2,0,0,0,0,0,1,0,0,0,0,0,0,0,1,0,14.7
8,Notebooks,37,38,37,95,404,2,0,0,0,0,0,0,1,0,0,0,0,0,0,0,1,39
8,Pens,56,53,52,155,404,2,0,0,0,0,0,0,0,1,0,0,0,0,0,0,1,56
8,Phenyl,24.5,22.9,24,66.2,404,2,0,0,0,0,0,0,0,0,1,0,0,0,0,0,0,26.4
8,Tissue Paper,33,31,27,54,404,2,0,0,0,0,0,0,0,0,0,1,0,0,1,0,0,35
8,Toilet Paper,217,223,219,617,404,2,0,0,0,0,0,0,0,0,0,0,1,0,1,0,0,221
9,Bathing Soap,133,154,154,212,404,3,0,0,0,0,0,0,0,0,0,0,0,0,0,1,0,136
9,Detergent,30.3,29.5,31.4,84.5,404,3,1,0,0,0,0,0,0,0,0,0,0,0,0,0,0,32.2
9,Dishwashing Liquid,15.4,13.8,12.9,28.3,404,3,0,1,0,0,0,0,0,0,0,0,0,0,0,0,0,14.9
9,Drinking Water,6822,6645,6875,14346,404,3,0,0,1,0,0,0,0,0,0,0,0,1,0,0,0,6844
9,Floor Cleaner,15.8,15.1,17.3,28.7,404,3,0,0,0,1,0,0,0,0,0,0,0,0,0,0,0,17.2
9,Garbage Bags,21,20,22,43,404,3,0,0,0,0,1,0,0,0,0,0,0,0,0,0,0,22
9,Handwash,14.7,16,14.4,41.6,404,3,0,0,0,0,0,1,0,0,0,0,0,0,0,1,0,15
9,Notebooks,39,37,38,56,404,3,0,0,0,0,0,0,1,0,0,0,0,0,0,0,1,56
9,Pens,56,56,53,99,404,3,0,0,0,0,0,0,0,1,0,0,0,0,0,0,1,65
9,Phenyl,26.4,24.5,22.9,39.8,404,3,0,0,0,0,0,0,0,0,1,0,0,0,0,0,0,26.5
9,Tissue Paper,35,33,31,103,404,3,0,0,0,0,0,0,0,0,0,1,0,0,1,0,0,29
9,Toilet Paper,221,217,223,396,404,3,0,0,0,0,0,0,0,0,0,0,1,0,1,0,0,212
10,Bathing Soap,136,133,154,412,399,3,0,0,0,0,0,0,0,0,0,0,0,0,0,1,0,142
10,Detergent,32.2,30.3,29.5,52.3,399,3,1,0,0,0,0,0,0,0,0,0,0,0,0,0,0,34.1
10,Dishwashing Liquid,14.9,15.4,13.8,38.4,399,3,0,1,0,0,0,0,0,0,0,0,0,0,0,0,0,15.2
10,Drinking Water,6844,6822,6645,7502,399,3,0,0,1,0,0,0,0,0,0,0,0,1,0,0,0,6630
10,Floor Cleaner,17.2,15.8,15.1,36.5,399,3,0,0,0,1,0,0,0,0,0,0,0,0,0,0,0,14.9
10,Garbage Bags,22,21,20,66,399,3,0,0,0,0,1,0,0,0,0,0,0,0,0,0,0,22
10,Handwash,15,14.7,16,26.6,399,3,0,0,0,0,0,1,0,0,0,0,0,0,0,1,0,14.4
10,Notebooks,56,39,37,0,399,3,0,0,0,0,0,0,1,0,0,0,0,0,0,0,1,52
10,Pens,65,56,56,134,399,3,0,0,0,0,0,0,0,1,0,0,0,0,0,0,1,62
10,Phenyl,26.5,26.4,24.5,73.3,399,3,0,0,0,0,0,0,0,0,1,0,0,0,0,0,0,22.3
10,Tissue Paper,29,35,33,52,399,3,0,0,0,0,0,0,0,0,0,1,0,0,1,0,0,30
10,Toilet Paper,212,221,217,472,399,3,0,0,0,0,0,0,0,0,0,0,1,0,1,0,0,196
11,Bathing Soap,142,136,133,270,406,3,0,0,0,0,0,0,0,0,0,0,0,0,0,1,0,141
11,Detergent,34.1,32.2,30.3,18.2,406,3,1,0,0,0,0,0,0,0,0,0,0,0,0,0,0,34.9
11,Dishwashing Liquid,15.2,14.9,15.4,23.2,406,3,0,1,0,0,0,0,0,0,0,0,0,0,0,0,0,14.4
11,Drinking Water,6630,6844,6822,18932,406,3,0,0,1,0,0,0,0,0,0,0,0,1,0,0,0,6711
11,Floor Cleaner,14.9,17.2,15.8,21.6,406,3,0,0,0,1,0,0,0,0,0,0,0,0,0,0,0,14.7
11,Garbage Bags,22,22,21,44,406,3,0,0,0,0,1,0,0,0,0,0,0,0,0,0,0,22
11,Handwash,14.4,15,14.7,28,406,3,0,0,0,0,0,1,0,0,0,0,0,0,0,1,0,14.3
11,Notebooks,52,56,39,96,406,3,0,0,0,0,0,0,1,0,0,0,0,0,0,0,1,53
11,Pens,62,65,56,72,406,3,0,0,0,0,0,0,0,1,0,0,0,0,0,0,1,66
11,Phenyl,22.3,26.5,26.4,51,406,3,0,0,0,0,0,0,0,0,1,0,0,0,0,0,0,22.6
11,Tissue Paper,30,29,35,44,406,3,0,0,0,0,0,0,0,0,0,1,0,0,1,0,0,33
11,Toilet Paper,196,212,221,276,406,3,0,0,0,0,0,0,0,0,0,0,1,0,1,0,0,192
12,Bathing Soap,141,142,136,393,402,3,0,0,0,0,0,0,0,0,0,0,0,0,0,1,0,154
12,Detergent,34.9,34.1,32.2,65,402,3,1,0,0,0,0,0,0,0,0,0,0,0,0,0,0,29.8
12,Dishwashing Liquid,14.4,15.2,14.9,33.8,402,3,0,1,0,0,0,0,0,0,0,0,0,0,0,0,0,14.3
12,Drinking Water,6711,6630,6844,12221,402,3,0,0,1,0,0,0,0,0,0,0,0,1,0,0,0,6702
12,Floor Cleaner,14.7,14.9,17.2,41.9,402,3,0,0,0,1,0,0,0,0,0,0,0,0,0,0,0,16.7
12,Garbage Bags,22,22,22,52,402,3,0,0,0,0,1,0,0,0,0,0,0,0,0,0,0,21
12,Handwash,14.3,14.4,15,17.9,402,3,0,0,0,0,0,1,0,0,0,0,0,0,0,1,0,14.6
12,Notebooks,53,52,56,139,402,3,0,0,0,0,0,0,1,0,0,0,0,0,0,0,1,51
12,Pens,66,62,65,156,402,3,0,0,0,0,0,0,0,1,0,0,0,0,0,0,1,67
12,Phenyl,22.6,22.3,26.5,28.4,402,3,0,0,0,0,0,0,0,0,1,0,0,0,0,0,0,23
12,Tissue Paper,33,30,29,59,402,3,0,0,0,0,0,0,0,0,0,1,0,0,1,0,0,29
12,Toilet Paper,192,196,212,84,402,3,0,0,0,0,0,0,0,0,0,0,1,0,1,0,0,209
13,Bathing Soap,154,141,142,239,394,3,0,0,0,0,0,0,0,0,0,0,0,0,0,1,0,171
13,Detergent,29.8,34.9,34.1,35.2,394,3,1,0,0,0,0,0,0,0,0,0,0,0,0,0,0,31.2
13,Dishwashing Liquid,14.3,14.4,15.2,19.5,394,3,0,1,0,0,0,0,0,0,0,0,0,0,0,0,0,13
13,Drinking Water,6702,6711,6630,19039,394,3,0,0,1,0,0,0,0,0,0,0,0,1,0,0,0,6925
13,Floor Cleaner,16.7,14.7,14.9,25.2,394,3,0,0,0,1,0,0,0,0,0,0,0,0,0,0,0,16.9
13,Garbage Bags,21,22,22,31,394,3,0,0,0,0,1,0,0,0,0,0,0,0,0,0,0,23
13,Handwash,14.6,14.3,14.4,33.3,394,3,0,0,0,0,0,1,0,0,0,0,0,0,0,1,0,16.1
13,Notebooks,51,53,52,88,394,3,0,0,0,0,0,0,1,0,0,0,0,0,0,0,1,53
13,Pens,67,66,62,89,394,3,0,0,0,0,0,0,0,1,0,0,0,0,0,0,1,57
13,Phenyl,23,22.6,22.3,45.4,394,3,0,0,0,0,0,0,0,0,1,0,0,0,0,0,0,19.4
13,Tissue Paper,29,33,30,30,394,3,0,0,0,0,0,0,0,0,0,1,0,0,1,0,0,30
13,Toilet Paper,209,192,196,456,394,3,0,0,0,0,0,0,0,0,0,0,1,0,1,0,0,204
14,Bathing Soap,171,154,141,428,395,4,0,0,0,0,0,0,0,0,0,0,0,0,0,1,0,154
14,Detergent,31.2,29.8,34.9,51.8,395,4,1,0,0,0,0,0,0,0,0,0,0,0,0,0,0,32.4
14,Dishwashing Liquid,13,14.3,14.4,26.5,395,4,0,1,0,0,0,0,0,0,0,0,0,0,0,0,0,11.8
14,Drinking Water,6925,6702,6711,12114,395,4,0,0,1,0,0,0,0,0,0,0,0,1,0,0,0,7095
14,Floor Cleaner,16.9,16.7,14.7,48.3,395,4,0,0,0,1,0,0,0,0,0,0,0,0,0,0,0,22.2
14,Garbage Bags,23,21,22,68,395,4,0,0,0,0,1,0,0,0,0,0,0,0,0,0,0,25
14,Handwash,16.1,14.6,14.3,17.2,395,4,0,0,0,0,0,1,0,0,0,0,0,0,0,1,0,18.2
14,Notebooks,53,51,53,155,395,4,0,0,0,0,0,0,1,0,0,0,0,0,0,0,1,56
14,Pens,57,67,66,182,395,4,0,0,0,0,0,0,0,1,0,0,0,0,0,0,1,58
14,Phenyl,19.4,23,22.6,26,395,4,0,0,0,0,0,0,0,0,1,0,0,0,0,0,0,26.1
14,Tissue Paper,30,29,33,72,395,4,0,0,0,0,0,0,0,0,0,1,0,0,1,0,0,29
14,Toilet Paper,204,209,192,252,395,4,0,0,0,0,0,0,0,0,0,0,1,0,1,0,0,198
15,Bathing Soap,154,171,154,274,385,4,0,0,0,0,0,0,0,0,0,0,0,0,0,1,0,144
15,Detergent,32.4,31.2,29.8,76.6,385,4,1,0,0,0,0,0,0,0,0,0,0,0,0,0,0,32.5
15,Dishwashing Liquid,11.8,13,14.3,24.7,385,4,0,1,0,0,0,0,0,0,0,0,0,0,0,0,0,13.6
15,Drinking Water,7095,6925,6702,20499,385,4,0,0,1,0,0,0,0,0,0,0,0,1,0,0,0,6976
15,Floor Cleaner,22.2,16.9,16.7,26.1,385,4,0,0,0,1,0,0,0,0,0,0,0,0,0,0,0,17.9
15,Garbage Bags,25,23,21,43,385,4,0,0,0,0,1,0,0,0,0,0,0,0,0,0,0,21
15,Handwash,18.2,16.1,14.6,0,385,4,0,0,0,0,0,1,0,0,0,0,0,0,0,1,0,16.3
15,Notebooks,56,53,51,99,385,4,0,0,0,0,0,0,1,0,0,0,0,0,0,0,1,42
15,Pens,58,57,67,124,385,4,0,0,0,0,0,0,0,1,0,0,0,0,0,0,1,74
15,Phenyl,26.1,19.4,23,50,385,4,0,0,0,0,0,0,0,0,1,0,0,0,0,0,0,23.4
15,Tissue Paper,29,30,29,43,385,4,0,0,0,0,0,0,0,0,0,1,0,0,1,0,0,33
15,Toilet Paper,198,204,209,329,385,4,0,0,0,0,0,0,0,0,0,0,1,0,1,0,0,198
16,Bathing Soap,144,154,171,322,370,4,0,0,0,0,0,0,0,0,0,0,0,0,0,1,0,145
16,Detergent,32.5,32.4,31.2,44.1,370,4,1,0,0,0,0,0,0,0,0,0,0,0,0,0,0,33.9
16,Dishwashing Liquid,13.6,11.8,13,26.1,370,4,0,1,0,0,0,0,0,0,0,0,0,0,0,0,0,12.8
16,Drinking Water,6976,7095,6925,13523,370,4,0,0,1,0,0,0,0,0,0,0,0,1,0,0,0,7137
16,Floor Cleaner,17.9,22.2,16.9,38.2,370,4,0,0,0,1,0,0,0,0,0,0,0,0,0,0,0,18
16,Garbage Bags,21,25,23,22,370,4,0,0,0,0,1,0,0,0,0,0,0,0,0,0,0,22
16,Handwash,16.3,18.2,16.1,30,370,4,0,0,0,0,0,1,0,0,0,0,0,0,0,1,0,17.2
16,Notebooks,42,56,53,57,370,4,0,0,0,0,0,0,1,0,0,0,0,0,0,0,1,43
16,Pens,74,58,57,200,370,4,0,0,0,0,0,0,0,1,0,0,0,0,0,0,1,71
16,Phenyl,23.4,26.1,19.4,26.6,370,4,0,0,0,0,0,0,0,0,1,0,0,0,0,0,0,25.4
16,Tissue Paper,33,29,30,70,370,4,0,0,0,0,0,0,0,0,0,1,0,0,1,0,0,35
16,Toilet Paper,198,198,204,336,370,4,0,0,0,0,0,0,0,0,0,0,1,0,1,0,0,201
17,Bathing Soap,145,144,154,177,359,4,0,0,0,0,0,0,0,0,0,0,0,0,0,1,0,157
17,Detergent,33.9,32.5,32.4,65.2,359,4,1,0,0,0,0,0,0,0,0,0,0,0,0,0,0,28.3
17,Dishwashing Liquid,12.8,13.6,11.8,13.3,359,4,0,1,0,0,0,0,0,0,0,0,0,0,0,0,0,12.7
17,Drinking Water,7137,6976,7095,14686,359,4,0,0,1,0,0,0,0,0,0,0,0,1,0,0,0,6747
17,Floor Cleaner,18,17.9,22.2,20.2,359,4,0,0,0,1,0,0,0,0,0,0,0,0,0,0,0,20.7
17,Garbage Bags,22,21,25,25,359,4,0,0,0,0,1,0,0,0,0,0,0,0,0,0,0,19
17,Handwash,17.2,16.3,18.2,47.8,359,4,0,0,0,0,0,1,0,0,0,0,0,0,0,1,0,15.7
17,Notebooks,43,42,56,158,359,4,0,0,0,0,0,0,1,0,0,0,0,0,0,0,1,48
17,Pens,71,74,58,129,359,4,0,0,0,0,0,0,0,1,0,0,0,0,0,0,1,57
17,Phenyl,25.4,23.4,26.1,66.2,359,4,0,0,0,0,0,0,0,0,1,0,0,0,0,0,0,23.8
17,Tissue Paper,35,33,29,83,359,4,0,0,0,0,0,0,0,0,0,1,0,0,1,0,0,27
17,Toilet Paper,201,198,198,495,359,4,0,0,0,0,0,0,0,0,0,0,1,0,1,0,0,194
18,Bathing Soap,157,145,144,452,278,5,0,0,0,0,0,0,0,0,0,0,0,0,0,1,0,111
18,Detergent,28.3,33.9,32.5,36.9,278,5,1,0,0,0,0,0,0,0,0,0,0,0,0,0,0,23
18,Dishwashing Liquid,12.7,12.8,13.6,35.6,278,5,0,1,0,0,0,0,0,0,0,0,0,0,0,0,0,10.2
18,Drinking Water,6747,7137,6976,11396,278,5,0,0,1,0,0,0,0,0,0,0,0,1,0,0,0,5434
18,Floor Cleaner,20.7,18,17.9,40,278,5,0,0,0,1,0,0,0,0,0,0,0,0,0,0,0,17.1
18,Garbage Bags,19,22,21,36,278,5,0,0,0,0,1,0,0,0,0,0,0,0,0,0,0,15
18,Handwash,15.7,17.2,16.3,32.1,278,5,0,0,0,0,0,1,0,0,0,0,0,0,0,1,0,14
18,Notebooks,48,43,42,110,278,5,0,0,0,0,0,0,1,0,0,0,0,0,0,0,1,23
18,Pens,57,71,74,222,278,5,0,0,0,0,0,0,0,1,0,0,0,0,0,0,1,30
18,Phenyl,23.8,25.4,23.4,42.4,278,5,0,0,0,0,0,0,0,0,1,0,0,0,0,0,0,21.9
18,Tissue Paper,27,35,33,56,278,5,0,0,0,0,0,0,0,0,0,1,0,0,1,0,0,26
18,Toilet Paper,194,201,198,301,278,5,0,0,0,0,0,0,0,0,0,0,1,0,1,0,0,143
19,Bathing Soap,111,157,145,341,256,5,0,0,0,0,0,0,0,0,0,0,0,0,0,1,0,106
19,Detergent,23,28.3,33.9,78.9,256,5,1,0,0,0,0,0,0,0,0,0,0,0,0,0,0,22.8
19,Dishwashing Liquid,10.2,12.7,12.8,25.4,256,5,0,1,0,0,0,0,0,0,0,0,0,0,0,0,0,9.5
19,Drinking Water,5434,6747,7137,8105,256,5,0,0,1,0,0,0,0,0,0,0,0,1,0,0,0,4781
19,Floor Cleaner,17.1,20.7,18,22.9,256,5,0,0,0,1,0,0,0,0,0,0,0,0,0,0,0,15
19,Garbage Bags,15,19,22,41,256,5,0,0,0,0,1,0,0,0,0,0,0,0,0,0,0,13
19,Handwash,14,15.7,17.2,33.1,256,5,0,0,0,0,0,1,0,0,0,0,0,0,0,1,0,12.1
19,Notebooks,23,48,43,87,256,5,0,0,0,0,0,0,1,0,0,0,0,0,0,0,1,22
19,Pens,30,57,71,192,256,5,0,0,0,0,0,0,0,1,0,0,0,0,0,0,1,33
19,Phenyl,21.9,23.8,25.4,50.5,256,5,0,0,0,0,0,0,0,0,1,0,0,0,0,0,0,21.5
19,Tissue Paper,26,27,35,66,256,5,0,0,0,0,0,0,0,0,0,1,0,0,1,0,0,20
19,Toilet Paper,143,194,201,470,256,5,0,0,0,0,0,0,0,0,0,0,1,0,1,0,0,143
20,Bathing Soap,106,111,157,235,162,5,0,0,0,0,0,0,0,0,0,0,0,0,0,1,0,79
20,Detergent,22.8,23,28.3,56.1,162,5,1,0,0,0,0,0,0,0,0,0,0,0,0,0,0,13.9
20,Dishwashing Liquid,9.5,10.2,12.7,15.9,162,5,0,1,0,0,0,0,0,0,0,0,0,0,0,0,0,7.6
20,Drinking Water,4781,5434,6747,11544,162,5,0,0,1,0,0,0,0,0,0,0,0,1,0,0,0,3033
20,Floor Cleaner,15,17.1,20.7,7.9,162,5,0,0,0,1,0,0,0,0,0,0,0,0,0,0,0,12.9
20,Garbage Bags,13,15,19,28,162,5,0,0,0,0,1,0,0,0,0,0,0,0,0,0,0,11
20,Handwash,12.1,14,15.7,21,162,5,0,0,0,0,0,1,0,0,0,0,0,0,0,1,0,8
20,Notebooks,22,23,48,65,162,5,0,0,0,0,0,0,1,0,0,0,0,0,0,0,1,15
20,Pens,33,30,57,159,162,5,0,0,0,0,0,0,0,1,0,0,0,0,0,0,1,22
20,Phenyl,21.5,21.9,23.8,29,162,5,0,0,0,0,0,0,0,0,1,0,0,0,0,0,0,16.8
20,Tissue Paper,20,26,27,46,162,5,0,0,0,0,0,0,0,0,0,1,0,0,1,0,0,15
20,Toilet Paper,143,143,194,327,162,5,0,0,0,0,0,0,0,0,0,0,1,0,1,0,0,98
21,Bathing Soap,79,106,111,156,134,5,0,0,0,0,0,0,0,0,0,0,0,0,0,1,0,57
21,Detergent,13.9,22.8,23,51.8,134,5,1,0,0,0,0,0,0,0,0,0,0,0,0,0,0,13.2
21,Dishwashing Liquid,7.6,9.5,10.2,23.3,134,5,0,1,0,0,0,0,0,0,0,0,0,0,0,0,0,6.8
21,Drinking Water,3033,4781,5434,8511,134,5,0,0,1,0,0,0,0,0,0,0,0,1,0,0,0,2448
21,Floor Cleaner,12.9,15,17.1,35,134,5,0,0,0,1,0,0,0,0,0,0,0,0,0,0,0,12.1
21,Garbage Bags,11,13,15,17,134,5,0,0,0,0,1,0,0,0,0,0,0,0,0,0,0,10
21,Handwash,8,12.1,14,28,134,5,0,0,0,0,0,1,0,0,0,0,0,0,0,1,0,6.8
21,Notebooks,15,22,23,50,134,5,0,0,0,0,0,0,1,0,0,0,0,0,0,0,1,16
21,Pens,22,33,30,137,134,5,0,0,0,0,0,0,0,1,0,0,0,0,0,0,1,18
21,Phenyl,16.8,21.5,21.9,42.2,134,5,0,0,0,0,0,0,0,0,1,0,0,0,0,0,0,14.9
21,Tissue Paper,15,20,26,31,134,5,0,0,0,0,0,0,0,0,0,1,0,0,1,0,0,13
21,Toilet Paper,98,143,143,229,134,5,0,0,0,0,0,0,0,0,0,0,1,0,1,0,0,79
22,Bathing Soap,57,79,106,99,127,6,0,0,0,0,0,0,0,0,0,0,0,0,0,1,0,51
22,Detergent,13.2,13.9,22.8,29,127,6,1,0,0,0,0,0,0,0,0,0,0,0,0,0,0,12.9
22,Dishwashing Liquid,6.8,7.6,9.5,16.5,127,6,0,1,0,0,0,0,0,0,0,0,0,0,0,0,0,6.9
22,Drinking Water,2448,3033,4781,6063,127,6,0,0,1,0,0,0,0,0,0,0,0,1,0,0,0,2307
22,Floor Cleaner,12.1,12.9,15,22.9,127,6,0,0,0,1,0,0,0,0,0,0,0,0,0,0,0,11.7
22,Garbage Bags,10,11,13,27,127,6,0,0,0,0,1,0,0,0,0,0,0,0,0,0,0,10
22,Handwash,6.8,8,12.1,21.2,127,6,0,0,0,0,0,1,0,0,0,0,0,0,0,1,0,7.9
22,Notebooks,16,15,22,34,127,6,0,0,0,0,0,0,1,0,0,0,0,0,0,0,1,16
22,Pens,18,22,33,119,127,6,0,0,0,0,0,0,0,1,0,0,0,0,0,0,1,21
22,Phenyl,14.9,16.8,21.5,27.3,127,6,0,0,0,0,0,0,0,0,1,0,0,0,0,0,0,17.8
22,Tissue Paper,13,15,20,42,127,6,0,0,0,0,0,0,0,0,0,1,0,0,1,0,0,11
22,Toilet Paper,79,98,143,150,127,6,0,0,0,0,0,0,0,0,0,0,1,0,1,0,0,75
23,Bathing Soap,51,57,79,48,126,6,0,0,0,0,0,0,0,0,0,0,0,0,0,1,0,52
23,Detergent,12.9,13.2,13.9,16.1,126,6,1,0,0,0,0,0,0,0,0,0,0,0,0,0,0,13.1
23,Dishwashing Liquid,6.9,6.8,7.6,19.6,126,6,0,1,0,0,0,0,0,0,0,0,0,0,0,0,0,7.1
23,Drinking Water,2307,2448,3033,11396,126,6,0,0,1,0,0,0,0,0,0,0,0,1,0,0,0,2395
23,Floor Cleaner,11.7,12.1,12.9,34.1,126,6,0,0,0,1,0,0,0,0,0,0,0,0,0,0,0,10.9
23,Garbage Bags,10,10,11,17,126,6,0,0,0,0,1,0,0,0,0,0,0,0,0,0,0,11
23,Handwash,7.9,6.8,8,13.3,126,6,0,0,0,0,0,1,0,0,0,0,0,0,0,1,0,7.4
23,Notebooks,16,16,15,66,126,6,0,0,0,0,0,0,1,0,0,0,0,0,0,0,1,16
23,Pens,21,18,22,113,126,6,0,0,0,0,0,0,0,1,0,0,0,0,0,0,1,18
23,Phenyl,17.8,14.9,16.8,43.4,126,6,0,0,0,0,0,0,0,0,1,0,0,0,0,0,0,19.2
23,Tissue Paper,11,13,15,31,126,6,0,0,0,0,0,0,0,0,0,1,0,0,1,0,0,11
23,Toilet Paper,75,79,98,195,126,6,0,0,0,0,0,0,0,0,0,0,1,0,1,0,0,76
24,Bathing Soap,52,51,57,96,207,6,0,0,0,0,0,0,0,0,0,0,0,0,0,1,0,81
24,Detergent,13.1,12.9,13.2,28,207,6,1,0,0,0,0,0,0,0,0,0,0,0,0,0,0,19.3
24,Dishwashing Liquid,7.1,6.9,6.8,12.5,207,6,0,1,0,0,0,0,0,0,0,0,0,0,0,0,0,9.7
24,Drinking Water,2395,2307,2448,6961,207,6,0,0,1,0,0,0,0,0,0,0,0,1,0,0,0,3683
24,Floor Cleaner,10.9,11.7,12.1,20.3,207,6,0,0,0,1,0,0,0,0,0,0,0,0,0,0,0,16.2
24,Garbage Bags,11,10,10,31,207,6,0,0,0,0,1,0,0,0,0,0,0,0,0,0,0,14
24,Handwash,7.4,7.9,6.8,20.9,207,6,0,0,0,0,0,1,0,0,0,0,0,0,0,1,0,10.1
24,Notebooks,16,16,16,50,207,6,0,0,0,0,0,0,1,0,0,0,0,0,0,0,1,24
24,Pens,18,21,18,80,207,6,0,0,0,0,0,0,0,1,0,0,0,0,0,0,1,25
24,Phenyl,19.2,17.8,14.9,35.3,207,6,0,0,0,0,0,0,0,0,1,0,0,0,0,0,0,19.8
24,Tissue Paper,11,11,13,20,207,6,0,0,0,0,0,0,0,0,0,1,0,0,1,0,0,16
24,Toilet Paper,76,75,79,119,207,6,0,0,0,0,0,0,0,0,0,0,1,0,1,0,0,123
25,Bathing Soap,81,52,51,15,226,6,0,0,0,0,0,0,0,0,0,0,0,0,0,1,0,96
25,Detergent,19.3,13.1,12.9,33.7,226,6,1,0,0,0,0,0,0,0,0,0,0,0,0,0,0,21.8
25,Dishwashing Liquid,9.7,7.1,6.9,22.8,226,6,0,1,0,0,0,0,0,0,0,0,0,0,0,0,0,10.2
25,Drinking Water,3683,2395,2307,3278,226,6,0,0,1,0,0,0,0,0,0,0,0,1,0,0,0,4192
25,Floor Cleaner,16.2,10.9,11.7,29.1,226,6,0,0,0,1,0,0,0,0,0,0,0,0,0,0,0,16.2
25,Garbage Bags,14,11,10,17,226,6,0,0,0,0,1,0,0,0,0,0,0,0,0,0,0,15
25,Handwash,10.1,7.4,7.9,10.8,226,6,0,0,0,0,0,1,0,0,0,0,0,0,0,1,0,11.3
25,Notebooks,24,16,16,26,226,6,0,0,0,0,0,0,1,0,0,0,0,0,0,0,1,24
25,Pens,25,18,21,55,226,6,0,0,0,0,0,0,0,1,0,0,0,0,0,0,1,29
25,Phenyl,19.8,19.2,17.8,55.5,226,6,0,0,0,0,0,0,0,0,1,0,0,0,0,0,0,22.1
25,Tissue Paper,16,11,11,40,226,6,0,0,0,0,0,0,0,0,0,1,0,0,1,0,0,18
25,Toilet Paper,123,76,75,216,226,6,0,0,0,0,0,0,0,0,0,0,1,0,1,0,0,130
26,Bathing Soap,96,81,52,120,231,6,0,0,0,0,0,0,0,0,0,0,0,0,0,1,0,98
26,Detergent,21.8,19.3,13.1,46.9,231,6,1,0,0,0,0,0,0,0,0,0,0,0,0,0,0,23
26,Dishwashing Liquid,10.2,9.7,7.1,12.6,231,6,0,1,0,0,0,0,0,0,0,0,0,0,0,0,0,11.2
26,Drinking Water,4192,3683,2395,8900,231,6,0,0,1,0,0,0,0,0,0,0,0,1,0,0,0,4346
26,Floor Cleaner,16.2,16.2,10.9,42.9,231,6,0,0,0,1,0,0,0,0,0,0,0,0,0,0,0,14.9
26,Garbage Bags,15,14,11,2,231,6,0,0,0,0,1,0,0,0,0,0,0,0,0,0,0,15
26,Handwash,11.3,10.1,7.4,30,231,6,0,0,0,0,0,1,0,0,0,0,0,0,0,1,0,10.8
26,Notebooks,24,24,16,74,231,6,0,0,0,0,0,0,1,0,0,0,0,0,0,0,1,24
26,Pens,29,25,18,26,231,6,0,0,0,0,0,0,0,1,0,0,0,0,0,0,1,31
26,Phenyl,22.1,19.8,19.2,33.4,231,6,0,0,0,0,0,0,0,0,1,0,0,0,0,0,0,21.4
26,Tissue Paper,18,16,11,22,231,6,0,0,0,0,0,0,0,0,0,1,0,0,1,0,0,19
26,Toilet Paper,130,123,76,254,231,6,0,0,0,0,0,0,0,0,0,0,1,0,1,0,0,131
27,Bathing Soap,98,96,81,190,349,7,0,0,0,0,0,0,0,0,0,0,0,0,0,1,0,124
27,Detergent,23,21.8,19.3,23.9,349,7,1,0,0,0,0,0,0,0,0,0,0,0,0,0,0,33
27,Dishwashing Liquid,11.2,10.2,9.7,31.4,349,7,0,1,0,0,0,0,0,0,0,0,0,0,0,0,0,12.5
27,Drinking Water,4346,4192,3683,4554,349,7,0,0,1,0,0,0,0,0,0,0,0,1,0,0,0,6168
27,Floor Cleaner,14.9,16.2,16.2,28,349,7,0,0,0,1,0,0,0,0,0,0,0,0,0,0,0,19.3
27,Garbage Bags,15,15,14,35,349,7,0,0,0,0,1,0,0,0,0,0,0,0,0,0,0,22
27,Handwash,10.8,11.3,10.1,19.2,349,7,0,0,0,0,0,1,0,0,0,0,0,0,0,1,0,14.9
27,Notebooks,24,24,24,50,349,7,0,0,0,0,0,0,1,0,0,0,0,0,0,0,1,41
27,Pens,31,29,25,100,349,7,0,0,0,0,0,0,0,1,0,0,0,0,0,0,1,58
27,Phenyl,21.4,22.1,19.8,57,349,7,0,0,0,0,0,0,0,0,1,0,0,0,0,0,0,25.9
27,Tissue Paper,19,18,16,51,349,7,0,0,0,0,0,0,0,0,0,1,0,0,1,0,0,28
27,Toilet Paper,131,130,123,267,349,7,0,0,0,0,0,0,0,0,0,0,1,0,1,0,0,191
28,Bathing Soap,124,98,96,234,389,7,0,0,0,0,0,0,0,0,0,0,0,0,0,1,0,148
28,Detergent,33,23,21.8,65,389,7,1,0,0,0,0,0,0,0,0,0,0,0,0,0,0,35.9
28,Dishwashing Liquid,12.5,11.2,10.2,18.9,389,7,0,1,0,0,0,0,0,0,0,0,0,0,0,0,0,13.4
28,Drinking Water,6168,4346,4192,8980,389,7,0,0,1,0,0,0,0,0,0,0,0,1,0,0,0,6603
28,Floor Cleaner,19.3,14.9,16.2,43.7,389,7,0,0,0,1,0,0,0,0,0,0,0,0,0,0,0,19.5
28,Garbage Bags,22,15,15,43,389,7,0,0,0,0,1,0,0,0,0,0,0,0,0,0,0,24
28,Handwash,14.9,10.8,11.3,4.3,389,7,0,0,0,0,0,1,0,0,0,0,0,0,0,1,0,17.5
28,Notebooks,41,24,24,9,389,7,0,0,0,0,0,0,1,0,0,0,0,0,0,0,1,37
28,Pens,58,31,29,142,389,7,0,0,0,0,0,0,0,1,0,0,0,0,0,0,1,67
28,Phenyl,25.9,21.4,22.1,31.1,389,7,0,0,0,0,0,0,0,0,1,0,0,0,0,0,0,27.3
28,Tissue Paper,28,19,18,23,389,7,0,0,0,0,0,0,0,0,0,1,0,0,1,0,0,29
28,Toilet Paper,191,131,130,76,389,7,0,0,0,0,0,0,0,0,0,0,1,0,1,0,0,194
29,Bathing Soap,148,124,98,86,382,7,0,0,0,0,0,0,0,0,0,0,0,0,0,1,0,142
29,Detergent,35.9,33,23,29.1,382,7,1,0,0,0,0,0,0,0,0,0,0,0,0,0,0,35.2
29,Dishwashing Liquid,13.4,12.5,11.2,25.5,382,7,0,1,0,0,0,0,0,0,0,0,0,0,0,0,0,14.2
29,Drinking Water,6603,6168,4346,10997,382,7,0,0,1,0,0,0,0,0,0,0,0,1,0,0,0,6698
29,Floor Cleaner,19.5,19.3,14.9,24.2,382,7,0,0,0,1,0,0,0,0,0,0,0,0,0,0,0,18.8
29,Garbage Bags,24,22,15,19,382,7,0,0,0,0,1,0,0,0,0,0,0,0,0,0,0,22
29,Handwash,17.5,14.9,10.8,30,382,7,0,0,0,0,0,1,0,0,0,0,0,0,0,1,0,16.9
29,Notebooks,37,41,24,72,382,7,0,0,0,0,0,0,1,0,0,0,0,0,0,0,1,43
29,Pens,67,58,31,75,382,7,0,0,0,0,0,0,0,1,0,0,0,0,0,0,1,63
29,Phenyl,27.3,25.9,21.4,48.8,382,7,0,0,0,0,0,0,0,0,1,0,0,0,0,0,0,28.5
29,Tissue Paper,29,28,19,48,382,7,0,0,0,0,0,0,0,0,0,1,0,0,1,0,0,28
29,Toilet Paper,194,191,131,216,382,7,0,0,0,0,0,0,0,0,0,0,1,0,1,0,0,200
30,Bathing Soap,142,148,124,264,383,7,0,0,0,0,0,0,0,0,0,0,0,0,0,1,0,157
30,Detergent,35.2,35.9,33,85,383,7,1,0,0,0,0,0,0,0,0,0,0,0,0,0,0,33.2
30,Dishwashing Liquid,14.2,13.4,12.5,41.3,383,7,0,1,0,0,0,0,0,0,0,0,0,0,0,0,0,14.9
30,Drinking Water,6698,6603,6168,19219,383,7,0,0,1,0,0,0,0,0,0,0,0,1,0,0,0,6684
30,Floor Cleaner,18.8,19.5,19.3,55.4,383,7,0,0,0,1,0,0,0,0,0,0,0,0,0,0,0,19.6
30,Garbage Bags,22,24,22,55,383,7,0,0,0,0,1,0,0,0,0,0,0,0,0,0,0,22
30,Handwash,16.9,17.5,14.9,33.1,383,7,0,0,0,0,0,1,0,0,0,0,0,0,0,1,0,17
30,Notebooks,43,37,41,125,383,7,0,0,0,0,0,0,1,0,0,0,0,0,0,0,1,47
30,Pens,63,67,58,212,383,7,0,0,0,0,0,0,0,1,0,0,0,0,0,0,1,64
30,Phenyl,28.5,27.3,25.9,75.3,383,7,0,0,0,0,0,0,0,0,1,0,0,0,0,0,0,27.3
30,Tissue Paper,28,29,28,68,383,7,0,0,0,0,0,0,0,0,0,1,0,0,1,0,0,30
30,Toilet Paper,200,194,191,400,383,7,0,0,0,0,0,0,0,0,0,0,1,0,1,0,0,184
31,Bathing Soap,157,142,148,347,397,8,0,0,0,0,0,0,0,0,0,0,0,0,0,1,0,147
31,Detergent,33.2,35.2,35.9,51.8,397,8,1,0,0,0,0,0,0,0,0,0,0,0,0,0,0,34.7
31,Dishwashing Liquid,14.9,14.2,13.4,26.4,397,8,0,1,0,0,0,0,0,0,0,0,0,0,0,0,0,13
31,Drinking Water,6684,6698,6603,12535,397,8,0,0,1,0,0,0,0,0,0,0,0,1,0,0,0,6695
31,Floor Cleaner,19.6,18.8,19.5,35.8,397,8,0,0,0,1,0,0,0,0,0,0,0,0,0,0,0,18
31,Garbage Bags,22,22,24,33,397,8,0,0,0,0,1,0,0,0,0,0,0,0,0,0,0,24
31,Handwash,17,16.9,17.5,36.1,397,8,0,0,0,0,0,1,0,0,0,0,0,0,0,1,0,17.1
31,Notebooks,47,43,37,78,397,8,0,0,0,0,0,0,1,0,0,0,0,0,0,0,1,63
31,Pens,64,63,67,148,397,8,0,0,0,0,0,0,0,1,0,0,0,0,0,0,1,70
31,Phenyl,27.3,28.5,27.3,48,397,8,0,0,0,0,0,0,0,0,1,0,0,0,0,0,0,30.3
31,Tissue Paper,30,28,29,38,397,8,0,0,0,0,0,0,0,0,0,1,0,0,1,0,0,31
31,Toilet Paper,184,200,194,552,397,8,0,0,0,0,0,0,0,0,0,0,1,0,1,0,0,189
32,Bathing Soap,147,157,142,200,410,8,0,0,0,0,0,0,0,0,0,0,0,0,0,1,0,147
32,Detergent,34.7,33.2,35.2,92.1,410,8,1,0,0,0,0,0,0,0,0,0,0,0,0,0,0,35.8
32,Dishwashing Liquid,13,14.9,14.2,28.4,410,8,0,1,0,0,0,0,0,0,0,0,0,0,0,0,0,13.2
32,Drinking Water,6695,6684,6698,15800,410,8,0,0,1,0,0,0,0,0,0,0,0,1,0,0,0,6948
32,Floor Cleaner,18,19.6,18.8,52.8,410,8,0,0,0,1,0,0,0,0,0,0,0,0,0,0,0,19.4
32,Garbage Bags,24,22,22,49,410,8,0,0,0,0,1,0,0,0,0,0,0,0,0,0,0,25
32,Handwash,17.1,17,16.9,19,410,8,0,0,0,0,0,1,0,0,0,0,0,0,0,1,0,17.8
32,Notebooks,63,47,43,111,410,8,0,0,0,0,0,0,1,0,0,0,0,0,0,0,1,72
32,Pens,70,64,63,78,410,8,0,0,0,0,0,0,0,1,0,0,0,0,0,0,1,71
32,Phenyl,30.3,27.3,28.5,82.7,410,8,0,0,0,0,0,0,0,0,1,0,0,0,0,0,0,29.3
32,Tissue Paper,31,30,28,67,410,8,0,0,0,0,0,0,0,0,0,1,0,0,1,0,0,32
32,Toilet Paper,189,184,200,363,410,8,0,0,0,0,0,0,0,0,0,0,1,0,1,0,0,216
33,Bathing Soap,147,147,157,341,414,8,0,0,0,0,0,0,0,0,0,0,0,0,0,1,0,156
33,Detergent,35.8,34.7,33.2,56.3,414,8,1,0,0,0,0,0,0,0,0,0,0,0,0,0,0,37.2
33,Dishwashing Liquid,13.2,13,14.9,15.2,414,8,0,1,0,0,0,0,0,0,0,0,0,0,0,0,0,14.7
33,Drinking Water,6948,6695,6684,8852,414,8,0,0,1,0,0,0,0,0,0,0,0,1,0,0,0,7428
33,Floor Cleaner,19.4,18,19.6,33.4,414,8,0,0,0,1,0,0,0,0,0,0,0,0,0,0,0,22.4
33,Garbage Bags,25,24,22,69,414,8,0,0,0,0,1,0,0,0,0,0,0,0,0,0,0,22
33,Handwash,17.8,17.1,17,41.2,414,8,0,0,0,0,0,1,0,0,0,0,0,0,0,1,0,18.2
33,Notebooks,72,63,47,159,414,8,0,0,0,0,0,0,1,0,0,0,0,0,0,0,1,77
33,Pens,71,70,64,157,414,8,0,0,0,0,0,0,0,1,0,0,0,0,0,0,1,72
33,Phenyl,29.3,30.3,27.3,53.4,414,8,0,0,0,0,0,0,0,0,1,0,0,0,0,0,0,29.4
33,Tissue Paper,32,31,30,35,414,8,0,0,0,0,0,0,0,0,0,1,0,0,1,0,0,29
33,Toilet Paper,216,189,184,459,414,8,0,0,0,0,0,0,0,0,0,0,1,0,1,0,0,224
34,Bathing Soap,156,147,147,185,407,8,0,0,0,0,0,0,0,0,0,0,0,0,0,1,0,160
34,Detergent,37.2,35.8,34.7,99.1,407,8,1,0,0,0,0,0,0,0,0,0,0,0,0,0,0,38.4
34,Dishwashing Liquid,14.7,13.2,13,30.5,407,8,0,1,0,0,0,0,0,0,0,0,0,0,0,0,0,14.5
34,Drinking Water,7428,6948,6695,19644,407,8,0,0,1,0,0,0,0,0,0,0,0,1,0,0,0,7049
34,Floor Cleaner,22.4,19.4,18,61,407,8,0,0,0,1,0,0,0,0,0,0,0,0,0,0,0,21.5
34,Garbage Bags,22,25,24,36,407,8,0,0,0,0,1,0,0,0,0,0,0,0,0,0,0,23
34,Handwash,18.2,17.8,17.1,23,407,8,0,0,0,0,0,1,0,0,0,0,0,0,0,1,0,15.6
34,Notebooks,77,72,63,154,407,8,0,0,0,0,0,0,1,0,0,0,0,0,0,0,1,59
34,Pens,72,71,70,185,407,8,0,0,0,0,0,0,0,1,0,0,0,0,0,0,1,72
34,Phenyl,29.4,29.3,30.3,69,407,8,0,0,0,0,0,0,0,0,1,0,0,0,0,0,0,26.1
34,Tissue Paper,29,32,31,78,407,8,0,0,0,0,0,0,0,0,0,1,0,0,1,0,0,27
34,Toilet Paper,224,216,189,523,407,8,0,0,0,0,0,0,0,0,0,0,1,0,1,0,0,231
35,Bathing Soap,160,156,147,409,402,8,0,0,0,0,0,0,0,0,0,0,0,0,0,1,0,159
35,Detergent,38.4,37.2,35.8,51.8,402,8,1,0,0,0,0,0,0,0,0,0,0,0,0,0,0,34.9
35,Dishwashing Liquid,14.5,14.7,13.2,36,402,8,0,1,0,0,0,0,0,0,0,0,0,0,0,0,0,14.2
35,Drinking Water,7049,7428,6948,12595,402,8,0,0,1,0,0,0,0,0,0,0,0,1,0,0,0,6658
35,Floor Cleaner,21.5,22.4,19.4,39.5,402,8,0,0,0,1,0,0,0,0,0,0,0,0,0,0,0,19.9
35,Garbage Bags,23,22,25,44,402,8,0,0,0,0,1,0,0,0,0,0,0,0,0,0,0,21
35,Handwash,15.6,18.2,17.8,47.4,402,8,0,0,0,0,0,1,0,0,0,0,0,0,0,1,0,16.9
35,Notebooks,59,77,72,95,402,8,0,0,0,0,0,0,1,0,0,0,0,0,0,0,1,56
35,Pens,72,72,71,113,402,8,0,0,0,0,0,0,0,1,0,0,0,0,0,0,1,76
35,Phenyl,26.1,29.4,29.3,42.9,402,8,0,0,0,0,0,0,0,0,1,0,0,0,0,0,0,31
35,Tissue Paper,27,29,32,51,402,8,0,0,0,0,0,0,0,0,0,1,0,0,1,0,0,26
35,Toilet Paper,231,224,216,292,402,8,0,0,0,0,0,0,0,0,0,0,1,0,1,0,0,214
36,Bathing Soap,159,160,156,250,399,9,0,0,0,0,0,0,0,0,0,0,0,0,0,1,0,135
36,Detergent,34.9,38.4,37.2,85.8,399,9,1,0,0,0,0,0,0,0,0,0,0,0,0,0,0,34.7
36,Dishwashing Liquid,14.2,14.5,14.7,21.8,399,9,0,1,0,0,0,0,0,0,0,0,0,0,0,0,0,13.5
36,Drinking Water,6658,7049,7428,17817,399,9,0,0,1,0,0,0,0,0,0,0,0,1,0,0,0,6332
36,Floor Cleaner,19.9,21.5,22.4,34.1,399,9,0,0,0,1,0,0,0,0,0,0,0,0,0,0,0,18.8
36,Garbage Bags,21,23,22,23,399,9,0,0,0,0,1,0,0,0,0,0,0,0,0,0,0,24
36,Handwash,16.9,15.6,18.2,30.5,399,9,0,0,0,0,0,1,0,0,0,0,0,0,0,1,0,15.5
36,Notebooks,56,59,77,183,399,9,0,0,0,0,0,0,1,0,0,0,0,0,0,0,1,44
36,Pens,76,72,72,37,399,9,0,0,0,0,0,0,0,1,0,0,0,0,0,0,1,61
36,Phenyl,31,26.1,29.4,11.9,399,9,0,0,0,0,0,0,0,0,1,0,0,0,0,0,0,29.3
36,Tissue Paper,26,27,29,61,399,9,0,0,0,0,0,0,0,0,0,1,0,0,1,0,0,27
36,Toilet Paper,214,231,224,558,399,9,0,0,0,0,0,0,0,0,0,0,1,0,1,0,0,198
37,Bathing Soap,135,159,160,283,407,9,0,0,0,0,0,0,0,0,0,0,0,0,0,1,0,147
37,Detergent,34.7,34.9,38.4,51.1,407,9,1,0,0,0,0,0,0,0,0,0,0,0,0,0,0,38.5
37,Dishwashing Liquid,13.5,14.2,14.5,38.3,407,9,0,1,0,0,0,0,0,0,0,0,0,0,0,0,0,13.3
37,Drinking Water,6332,6658,7049,11485,407,9,0,0,1,0,0,0,0,0,0,0,0,1,0,0,0,6531
37,Floor Cleaner,18.8,19.9,21.5,35.8,407,9,0,0,0,1,0,0,0,0,0,0,0,0,0,0,0,18.6
37,Garbage Bags,24,21,23,30,407,9,0,0,0,0,1,0,0,0,0,0,0,0,0,0,0,26
37,Handwash,15.5,16.9,15.6,35,407,9,0,0,0,0,0,1,0,0,0,0,0,0,0,1,0,14.9
37,Notebooks,44,56,59,139,407,9,0,0,0,0,0,0,1,0,0,0,0,0,0,0,1,57
37,Pens,61,76,72,150,407,9,0,0,0,0,0,0,0,1,0,0,0,0,0,0,1,59
37,Phenyl,29.3,31,26.1,45,407,9,0,0,0,0,0,0,0,0,1,0,0,0,0,0,0,29.4
37,Tissue Paper,27,26,27,82,407,9,0,0,0,0,0,0,0,0,0,1,0,0,1,0,0,30
37,Toilet Paper,198,214,231,360,407,9,0,0,0,0,0,0,0,0,0,0,1,0,1,0,0,204
38,Bathing Soap,147,135,159,136,408,9,0,0,0,0,0,0,0,0,0,0,0,0,0,1,0,139
38,Detergent,38.5,34.7,34.9,107.6,408,9,1,0,0,0,0,0,0,0,0,0,0,0,0,0,0,35.9
38,Dishwashing Liquid,13.3,13.5,14.2,25,408,9,0,1,0,0,0,0,0,0,0,0,0,0,0,0,0,13.7
38,Drinking Water,6531,6332,6658,14654,408,9,0,0,1,0,0,0,0,0,0,0,0,1,0,0,0,6849
38,Floor Cleaner,18.6,18.8,19.9,42.2,408,9,0,0,0,1,0,0,0,0,0,0,0,0,0,0,0,18.7
38,Garbage Bags,26,24,21,44,408,9,0,0,0,0,1,0,0,0,0,0,0,0,0,0,0,25
38,Handwash,14.9,15.5,16.9,30.1,408,9,0,0,0,0,0,1,0,0,0,0,0,0,0,1,0,15.8
38,Notebooks,57,44,56,82,408,9,0,0,0,0,0,0,1,0,0,0,0,0,0,0,1,57
38,Pens,59,61,76,91,408,9,0,0,0,0,0,0,0,1,0,0,0,0,0,0,1,53
38,Phenyl,29.4,29.3,31,70.6,408,9,0,0,0,0,0,0,0,0,1,0,0,0,0,0,0,24.5
38,Tissue Paper,30,27,26,52,408,9,0,0,0,0,0,0,0,0,0,1,0,0,1,0,0,32
38,Toilet Paper,204,198,214,468,408,9,0,0,0,0,0,0,0,0,0,0,1,0,1,0,0,208
39,Bathing Soap,139,147,135,168,407,9,0,0,0,0,0,0,0,0,0,0,0,0,0,1,0,145
39,Detergent,35.9,38.5,34.7,71.7,407,9,1,0,0,0,0,0,0,0,0,0,0,0,0,0,0,34.4
39,Dishwashing Liquid,13.7,13.3,13.5,31.3,407,9,0,1,0,0,0,0,0,0,0,0,0,0,0,0,0,13.4
39,Drinking Water,6849,6531,6332,18685,407,9,0,0,1,0,0,0,0,0,0,0,0,1,0,0,0,6861
39,Floor Cleaner,18.7,18.6,18.8,23.5,407,9,0,0,0,1,0,0,0,0,0,0,0,0,0,0,0,18.5
39,Garbage Bags,25,26,24,54,407,9,0,0,0,0,1,0,0,0,0,0,0,0,0,0,0,24
39,Handwash,15.8,14.9,15.5,44.3,407,9,0,0,0,0,0,1,0,0,0,0,0,0,0,1,0,16.4
39,Notebooks,57,57,44,169,407,9,0,0,0,0,0,0,1,0,0,0,0,0,0,0,1,55
39,Pens,53,59,61,138,407,9,0,0,0,0,0,0,0,1,0,0,0,0,0,0,1,55
39,Phenyl,24.5,29.4,29.3,46.1,407,9,0,0,0,0,0,0,0,0,1,0,0,0,0,0,0,23.8
39,Tissue Paper,32,30,27,80,407,9,0,0,0,0,0,0,0,0,0,1,0,0,1,0,0,30
39,Toilet Paper,208,204,198,260,407,9,0,0,0,0,0,0,0,0,0,0,1,0,1,0,0,210
40,Bathing Soap,145,139,147,263,393,10,0,0,0,0,0,0,0,0,0,0,0,0,0,1,0,127
40,Detergent,34.4,35.9,38.5,82.3,393,10,1,0,0,0,0,0,0,0,0,0,0,0,0,0,0,33.9
40,Dishwashing Liquid,13.4,13.7,13.3,17.9,393,10,0,1,0,0,0,0,0,0,0,0,0,0,0,0,0,13.3
40,Drinking Water,6861,6849,6531,11824,393,10,0,0,1,0,0,0,0,0,0,0,0,1,0,0,0,6226
40,Floor Cleaner,18.5,18.7,18.6,40,393,10,0,0,0,1,0,0,0,0,0,0,0,0,0,0,0,24.1
40,Garbage Bags,24,25,26,75,393,10,0,0,0,0,1,0,0,0,0,0,0,0,0,0,0,28
40,Handwash,16.4,15.8,14.9,27.9,393,10,0,0,0,0,0,1,0,0,0,0,0,0,0,1,0,14.9
40,Notebooks,55,57,57,114,393,10,0,0,0,0,0,0,1,0,0,0,0,0,0,0,1,43
40,Pens,55,53,59,83,393,10,0,0,0,0,0,0,0,1,0,0,0,0,0,0,1,54
40,Phenyl,23.8,24.5,29.4,67.3,393,10,0,0,0,0,0,0,0,0,1,0,0,0,0,0,0,31.2
40,Tissue Paper,30,32,30,50,393,10,0,0,0,0,0,0,0,0,0,1,0,0,1,0,0,34
40,Toilet Paper,210,208,204,50,393,10,0,0,0,0,0,0,0,0,0,0,1,0,1,0,0,219
41,Bathing Soap,127,145,139,136,397,10,0,0,0,0,0,0,0,0,0,0,0,0,0,1,0,138
41,Detergent,33.9,34.4,35.9,48.4,397,10,1,0,0,0,0,0,0,0,0,0,0,0,0,0,0,35.9
41,Dishwashing Liquid,13.3,13.4,13.7,29.6,397,10,0,1,0,0,0,0,0,0,0,0,0,0,0,0,0,13.5
41,Drinking Water,6226,6861,6849,17918,397,10,0,0,1,0,0,0,0,0,0,0,0,1,0,0,0,6488
41,Floor Cleaner,24.1,18.5,18.7,50.9,397,10,0,0,0,1,0,0,0,0,0,0,0,0,0,0,0,20.2
41,Garbage Bags,28,24,25,47,397,10,0,0,0,0,1,0,0,0,0,0,0,0,0,0,0,22
41,Handwash,14.9,16.4,15.8,38,397,10,0,0,0,0,0,1,0,0,0,0,0,0,0,1,0,16.3
41,Notebooks,43,55,57,75,397,10,0,0,0,0,0,0,1,0,0,0,0,0,0,0,1,38
41,Pens,54,55,53,129,397,10,0,0,0,0,0,0,0,1,0,0,0,0,0,0,1,55
41,Phenyl,31.2,23.8,24.5,36.1,397,10,0,0,0,0,0,0,0,0,1,0,0,0,0,0,0,22.2
41,Tissue Paper,34,30,32,76,397,10,0,0,0,0,0,0,0,0,0,1,0,0,1,0,0,35
41,Toilet Paper,219,210,208,384,397,10,0,0,0,0,0,0,0,0,0,0,1,0,1,0,0,211
42,Bathing Soap,138,127,145,360,336,10,0,0,0,0,0,0,0,0,0,0,0,0,0,1,0,115
42,Detergent,35.9,33.9,34.4,67.5,336,10,1,0,0,0,0,0,0,0,0,0,0,0,0,0,0,30.4
42,Dishwashing Liquid,13.5,13.3,13.4,25.4,336,10,0,1,0,0,0,0,0,0,0,0,0,0,0,0,0,11.7
42,Drinking Water,6488,6226,6861,11430,336,10,0,0,1,0,0,0,0,0,0,0,0,1,0,0,0,5087
42,Floor Cleaner,20.2,24.1,18.5,30.7,336,10,0,0,0,1,0,0,0,0,0,0,0,0,0,0,0,17.7
42,Garbage Bags,22,28,24,65,336,10,0,0,0,0,1,0,0,0,0,0,0,0,0,0,0,20
42,Handwash,16.3,14.9,16.4,21.7,336,10,0,0,0,0,0,1,0,0,0,0,0,0,0,1,0,12.9
42,Notebooks,38,43,55,129,336,10,0,0,0,0,0,0,1,0,0,0,0,0,0,0,1,37
42,Pens,55,54,55,74,336,10,0,0,0,0,0,0,0,1,0,0,0,0,0,0,1,61
42,Phenyl,22.2,31.2,23.8,48.9,336,10,0,0,0,0,0,0,0,0,1,0,0,0,0,0,0,24.1
42,Tissue Paper,35,34,30,89,336,10,0,0,0,0,0,0,0,0,0,1,0,0,1,0,0,29
42,Toilet Paper,211,219,210,485,336,10,0,0,0,0,0,0,0,0,0,0,1,0,1,0,0,182
43,Bathing Soap,115,138,127,245,381,10,0,0,0,0,0,0,0,0,0,0,0,0,0,1,0,122
43,Detergent,30.4,35.9,33.9,37.1,381,10,1,0,0,0,0,0,0,0,0,0,0,0,0,0,0,36.1
43,Dishwashing Liquid,11.7,13.5,13.3,29.4,381,10,0,1,0,0,0,0,0,0,0,0,0,0,0,0,0,13.3
43,Drinking Water,5087,6488,6226,6343,381,10,0,0,1,0,0,0,0,0,0,0,0,1,0,0,0,5660
43,Floor Cleaner,17.7,20.2,24.1,58,381,10,0,0,0,1,0,0,0,0,0,0,0,0,0,0,0,19
43,Garbage Bags,20,22,28,45,381,10,0,0,0,0,1,0,0,0,0,0,0,0,0,0,0,23
43,Handwash,12.9,16.3,14.9,33.8,381,10,0,0,0,0,0,1,0,0,0,0,0,0,0,1,0,14.5
43,Notebooks,37,38,43,92,381,10,0,0,0,0,0,0,1,0,0,0,0,0,0,0,1,35
43,Pens,61,55,54,13,381,10,0,0,0,0,0,0,0,1,0,0,0,0,0,0,1,56
43,Phenyl,24.1,22.2,31.2,74.8,381,10,0,0,0,0,0,0,0,0,1,0,0,0,0,0,0,24
43,Tissue Paper,29,35,34,60,381,10,0,0,0,0,0,0,0,0,0,1,0,0,1,0,0,28
43,Toilet Paper,182,211,219,303,381,10,0,0,0,0,0,0,0,0,0,0,1,0,1,0,0,193
44,Bathing Soap,122,115,138,123,399,11,0,0,0,0,0,0,0,0,0,0,0,0,0,1,0,139
44,Detergent,36.1,30.4,35.9,76,399,11,1,0,0,0,0,0,0,0,0,0,0,0,0,0,0,36.9
44,Dishwashing Liquid,13.3,11.7,13.5,26.1,399,11,0,1,0,0,0,0,0,0,0,0,0,0,0,0,0,16.4
44,Drinking Water,5660,5087,6488,11363,399,11,0,0,1,0,0,0,0,0,0,0,0,1,0,0,0,5708
44,Floor Cleaner,19,17.7,20.2,39,399,11,0,0,0,1,0,0,0,0,0,0,0,0,0,0,0,16.9
44,Garbage Bags,23,20,22,42,399,11,0,0,0,0,1,0,0,0,0,0,0,0,0,0,0,22
44,Handwash,14.5,12.9,16.3,19.3,399,11,0,0,0,0,0,1,0,0,0,0,0,0,0,1,0,14.4
44,Notebooks,35,37,38,57,399,11,0,0,0,0,0,0,1,0,0,0,0,0,0,0,1,45
44,Pens,56,61,55,100,399,11,0,0,0,0,0,0,0,1,0,0,0,0,0,0,1,74
44,Phenyl,24,24.1,22.2,50.8,399,11,0,0,0,0,0,0,0,0,1,0,0,0,0,0,0,26.3
44,Tissue Paper,28,29,35,52,399,11,0,0,0,0,0,0,0,0,0,1,0,0,1,0,0,35
44,Toilet Paper,193,182,211,590,399,11,0,0,0,0,0,0,0,0,0,0,1,0,1,0,0,213
45,Bathing Soap,139,122,115,240,399,11,0,0,0,0,0,0,0,0,0,0,0,0,0,1,0,142
45,Detergent,36.9,36.1,30.4,39.1,399,11,1,0,0,0,0,0,0,0,0,0,0,0,0,0,0,37
45,Dishwashing Liquid,16.4,13.3,11.7,29.7,399,11,0,1,0,0,0,0,0,0,0,0,0,0,0,0,0,13.5
45,Drinking Water,5708,5660,5087,10835,399,11,0,0,1,0,0,0,0,0,0,0,0,1,0,0,0,5759
45,Floor Cleaner,16.9,19,17.7,22.1,399,11,0,0,0,1,0,0,0,0,0,0,0,0,0,0,0,19.1
45,Garbage Bags,22,23,20,50,399,11,0,0,0,0,1,0,0,0,0,0,0,0,0,0,0,21
45,Handwash,14.4,14.5,12.9,44.9,399,11,0,0,0,0,0,1,0,0,0,0,0,0,0,1,0,14.9
45,Notebooks,45,35,37,108,399,11,0,0,0,0,0,0,1,0,0,0,0,0,0,0,1,46
45,Pens,74,56,61,176,399,11,0,0,0,0,0,0,0,1,0,0,0,0,0,0,1,80
45,Phenyl,26.3,24,24.1,69.5,399,11,0,0,0,0,0,0,0,0,1,0,0,0,0,0,0,25
45,Tissue Paper,35,28,29,60,399,11,0,0,0,0,0,0,0,0,0,1,0,0,1,0,0,33
45,Toilet Paper,213,193,182,377,399,11,0,0,0,0,0,0,0,0,0,0,1,0,1,0,0,213
46,Bathing Soap,142,139,122,290,403,11,0,0,0,0,0,0,0,0,0,0,0,0,0,1,0,137
46,Detergent,37,36.9,36.1,67.1,403,11,1,0,0,0,0,0,0,0,0,0,0,0,0,0,0,36.8
46,Dishwashing Liquid,13.5,16.4,13.3,31.2,403,11,0,1,0,0,0,0,0,0,0,0,0,0,0,0,0,13.9
46,Drinking Water,5759,5708,5660,12236,403,11,0,0,1,0,0,0,0,0,0,0,0,1,0,0,0,5646
46,Floor Cleaner,19.1,16.9,19,43,403,11,0,0,0,1,0,0,0,0,0,0,0,0,0,0,0,20.3
46,Garbage Bags,21,22,23,36,403,11,0,0,0,0,1,0,0,0,0,0,0,0,0,0,0,20
46,Handwash,14.9,14.4,14.5,30,403,11,0,0,0,0,0,1,0,0,0,0,0,0,0,1,0,15.5
46,Notebooks,46,45,35,62,403,11,0,0,0,0,0,0,1,0,0,0,0,0,0,0,1,56
46,Pens,80,74,56,96,403,11,0,0,0,0,0,0,0,1,0,0,0,0,0,0,1,75
46,Phenyl,25,26.3,24,44.5,403,11,0,0,0,0,0,0,0,0,1,0,0,0,0,0,0,24.9
46,Tissue Paper,33,35,28,87,403,11,0,0,0,0,0,0,0,0,0,1,0,0,1,0,0,32
46,Toilet Paper,213,213,193,500,403,11,0,0,0,0,0,0,0,0,0,0,1,0,1,0,0,207
47,Bathing Soap,137,142,139,297,399,11,0,0,0,0,0,0,0,0,0,0,0,0,0,1,0,151
47,Detergent,36.8,37,36.9,85.3,399,11,1,0,0,0,0,0,0,0,0,0,0,0,0,0,0,39.7
47,Dishwashing Liquid,13.9,13.5,16.4,17.3,399,11,0,1,0,0,0,0,0,0,0,0,0,0,0,0,0,13.2
47,Drinking Water,5646,5759,5708,6590,399,11,0,0,1,0,0,0,0,0,0,0,0,1,0,0,0,5905
47,Floor Cleaner,20.3,19.1,16.9,22.7,399,11,0,0,0,1,0,0,0,0,0,0,0,0,0,0,0,20.4
47,Garbage Bags,20,21,22,34,399,11,0,0,0,0,1,0,0,0,0,0,0,0,0,0,0,19
47,Handwash,15.5,14.9,14.4,34.5,399,11,0,0,0,0,0,1,0,0,0,0,0,0,0,1,0,14.5
47,Notebooks,56,46,45,126,399,11,0,0,0,0,0,0,1,0,0,0,0,0,0,0,1,50
47,Pens,75,80,74,171,399,11,0,0,0,0,0,0,0,1,0,0,0,0,0,0,1,91
47,Phenyl,24.9,25,26.3,49.6,399,11,0,0,0,0,0,0,0,0,1,0,0,0,0,0,0,26.8
47,Tissue Paper,32,33,35,55,399,11,0,0,0,0,0,0,0,0,0,1,0,0,1,0,0,31
47,Toilet Paper,207,213,213,293,399,11,0,0,0,0,0,0,0,0,0,0,1,0,1,0,0,206
48,Bathing Soap,151,137,142,362,401,11,0,0,0,0,0,0,0,0,0,0,0,0,0,1,0,143
48,Detergent,39.7,36.8,37,45.6,401,11,1,0,0,0,0,0,0,0,0,0,0,0,0,0,0,36.5
48,Dishwashing Liquid,13.2,13.9,13.5,39.1,401,11,0,1,0,0,0,0,0,0,0,0,0,0,0,0,0,13.9
48,Drinking Water,5905,5646,5759,10785,401,11,0,0,1,0,0,0,0,0,0,0,0,1,0,0,0,5921
48,Floor Cleaner,20.4,20.3,19.1,47.3,401,11,0,0,0,1,0,0,0,0,0,0,0,0,0,0,0,17.3
48,Garbage Bags,19,20,21,45,401,11,0,0,0,0,1,0,0,0,0,0,0,0,0,0,0,18
48,Handwash,14.5,15.5,14.9,20,401,11,0,0,0,0,0,1,0,0,0,0,0,0,0,1,0,15.7
48,Notebooks,50,56,46,76,401,11,0,0,0,0,0,0,1,0,0,0,0,0,0,0,1,38
48,Pens,91,75,80,230,401,11,0,0,0,0,0,0,0,1,0,0,0,0,0,0,1,76
48,Phenyl,26.8,24.9,25,57.8,401,11,0,0,0,0,0,0,0,0,1,0,0,0,0,0,0,23.7
48,Tissue Paper,31,32,33,72,401,11,0,0,0,0,0,0,0,0,0,1,0,0,1,0,0,29
48,Toilet Paper,206,207,213,519,401,11,0,0,0,0,0,0,0,0,0,0,1,0,1,0,0,208
49,Bathing Soap,143,151,137,219,371,12,0,0,0,0,0,0,0,0,0,0,0,0,0,1,0,134
49,Detergent,36.5,39.7,36.8,89.1,371,12,1,0,0,0,0,0,0,0,0,0,0,0,0,0,0,28.9
49,Dishwashing Liquid,13.9,13.2,13.9,25.2,371,12,0,1,0,0,0,0,0,0,0,0,0,0,0,0,0,13.5
49,Drinking Water,5921,5905,5646,14624,371,12,0,0,1,0,0,0,0,0,0,0,0,1,0,0,0,5336
49,Floor Cleaner,17.3,20.4,20.3,30,371,12,0,0,0,1,0,0,0,0,0,0,0,0,0,0,0,17.4
49,Garbage Bags,18,19,20,27,371,12,0,0,0,0,1,0,0,0,0,0,0,0,0,0,0,20
49,Handwash,15.7,14.5,15.5,44.3,371,12,0,0,0,0,0,1,0,0,0,0,0,0,0,1,0,14.2
49,Notebooks,38,50,56,134,371,12,0,0,0,0,0,0,1,0,0,0,0,0,0,0,1,39
49,Pens,76,91,75,154,371,12,0,0,0,0,0,0,0,1,0,0,0,0,0,0,1,62
49,Phenyl,23.7,26.8,24.9,43.4,371,12,0,0,0,0,0,0,0,0,1,0,0,0,0,0,0,20.4
49,Tissue Paper,29,31,32,43,371,12,0,0,0,0,0,0,0,0,0,1,0,0,1,0,0,25
49,Toilet Paper,208,206,207,311,371,12,0,0,0,0,0,0,0,0,0,0,1,0,1,0,0,195
50,Bathing Soap,134,143,151,325,352,12,0,0,0,0,0,0,0,0,0,0,0,0,0,1,0,129
50,Detergent,28.9,36.5,39.7,60.2,352,12,1,0,0,0,0,0,0,0,0,0,0,0,0,0,0,31
50,Dishwashing Liquid,13.5,13.9,13.2,36.7,352,12,0,1,0,0,0,0,0,0,0,0,0,0,0,0,0,13.6
50,Drinking Water,5336,5921,5905,9288,352,12,0,0,1,0,0,0,0,0,0,0,0,1,0,0,0,5030
50,Floor Cleaner,17.4,17.3,20.4,42.6,352,12,0,0,0,1,0,0,0,0,0,0,0,0,0,0,0,17.2
50,Garbage Bags,20,18,19,57,352,12,0,0,0,0,1,0,0,0,0,0,0,0,0,0,0,22
50,Handwash,14.2,15.7,14.5,30.1,352,12,0,0,0,0,0,1,0,0,0,0,0,0,0,1,0,12.1
50,Notebooks,39,38,50,95,352,12,0,0,0,0,0,0,1,0,0,0,0,0,0,0,1,36
50,Pens,62,76,91,92,352,12,0,0,0,0,0,0,0,1,0,0,0,0,0,0,1,52
50,Phenyl,20.4,23.7,26.8,13.7,352,12,0,0,0,0,0,0,0,0,1,0,0,0,0,0,0,20.6
50,Tissue Paper,25,29,31,66,352,12,0,0,0,0,0,0,0,0,0,1,0,0,1,0,0,28
50,Toilet Paper,195,208,206,329,352,12,0,0,0,0,0,0,0,0,0,0,1,0,1,0,0,206
51,Bathing Soap,129,134,143,196,199,12,0,0,0,0,0,0,0,0,0,0,0,0,0,1,0,74
51,Detergent,31,28.9,36.5,74.2,199,12,1,0,0,0,0,0,0,0,0,0,0,0,0,0,0,17.7
51,Dishwashing Liquid,13.6,13.5,13.9,23.1,199,12,0,1,0,0,0,0,0,0,0,0,0,0,0,0,0,10.1
51,Drinking Water,5030,5336,5921,13078,199,12,0,0,1,0,0,0,0,0,0,0,0,1,0,0,0,2968
51,Floor Cleaner,17.2,17.4,17.3,25.4,199,12,0,0,0,1,0,0,0,0,0,0,0,0,0,0,0,12
51,Garbage Bags,22,20,18,35,199,12,0,0,0,0,1,0,0,0,0,0,0,0,0,0,0,16
51,Handwash,12.1,14.2,15.7,18,199,12,0,0,0,0,0,1,0,0,0,0,0,0,0,1,0,7
51,Notebooks,36,39,38,59,199,12,0,0,0,0,0,0,1,0,0,0,0,0,0,0,1,24
51,Pens,52,62,76,113,199,12,0,0,0,0,0,0,0,1,0,0,0,0,0,0,1,33
51,Phenyl,20.6,20.4,23.7,35,199,12,0,0,0,0,0,0,0,0,1,0,0,0,0,0,0,18.5
51,Tissue Paper,28,25,29,38,199,12,0,0,0,0,0,0,0,0,0,1,0,0,1,0,0,16
51,Toilet Paper,206,195,208,462,199,12,0,0,0,0,0,0,0,0,0,0,1,0,1,0,0,115
52,Bathing Soap,74,129,134,122,159,12,0,0,0,0,0,0,0,0,0,0,0,0,0,1,0,63
52,Detergent,17.7,31,28.9,56.5,159,12,1,0,0,0,0,0,0,0,0,0,0,0,0,0,0,14.5
52,Dishwashing Liquid,10.1,13.6,13.5,13,159,12,0,1,0,0,0,0,0,0,0,0,0,0,0,0,0,8.5
52,Drinking Water,2968,5030,5336,10110,159,12,0,0,1,0,0,0,0,0,0,0,0,1,0,0,0,2467
52,Floor Cleaner,12,17.2,17.4,38.4,159,12,0,0,0,1,0,0,0,0,0,0,0,0,0,0,0,11.4
52,Garbage Bags,16,22,20,49,159,12,0,0,0,0,1,0,0,0,0,0,0,0,0,0,0,11
52,Handwash,7,12.1,14.2,26,159,12,0,0,0,0,0,1,0,0,0,0,0,0,0,1,0,6.3
52,Notebooks,24,36,39,35,159,12,0,0,0,0,0,0,1,0,0,0,0,0,0,0,1,20
52,Pens,33,52,62,107,159,12,0,0,0,0,0,0,0,1,0,0,0,0,0,0,1,29
52,Phenyl,18.5,20.6,20.4,43.4,159,12,0,0,0,0,0,0,0,0,1,0,0,0,0,0,0,15.1
52,Tissue Paper,16,28,25,58,159,12,0,0,0,0,0,0,0,0,0,1,0,0,1,0,0,18
52,Toilet Paper,115,206,195,329,159,12,0,0,0,0,0,0,0,0,0,0,1,0,1,0,0,90
53,Bathing Soap,63,74,129,59,211,1,0,0,0,0,0,0,0,0,0,0,0,0,0,1,0,80
53,Detergent,14.5,17.7,31,42,211,1,1,0,0,0,0,0,0,0,0,0,0,0,0,0,0,19.6
53,Dishwashing Liquid,8.5,10.1,13.6,4.5,211,1,0,1,0,0,0,0,0,0,0,0,0,0,0,0,0,10.7
53,Drinking Water,2467,2968,5030,7643,211,1,0,0,1,0,0,0,0,0,0,0,0,1,0,0,0,3647
53,Floor Cleaner,11.4,12,17.2,27,211,1,0,0,0,1,0,0,0,0,0,0,0,0,0,0,0,13
53,Garbage Bags,11,16,22,38,211,1,0,0,0,0,1,0,0,0,0,0,0,0,0,0,0,14
53,Handwash,6.3,7,12.1,19.7,211,1,0,0,0,0,0,1,0,0,0,0,0,0,0,1,0,8.2
53,Notebooks,20,24,36,15,211,1,0,0,0,0,0,0,1,0,0,0,0,0,0,0,1,29
53,Pens,29,33,52,78,211,1,0,0,0,0,0,0,0,1,0,0,0,0,0,0,1,40
53,Phenyl,15.1,18.5,20.6,26.4,211,1,0,0,0,0,0,0,0,0,1,0,0,0,0,0,0,14.7
53,Tissue Paper,18,16,28,40,211,1,0,0,0,0,0,0,0,0,0,1,0,0,1,0,0,19
53,Toilet Paper,90,115,206,257,211,1,0,0,0,0,0,0,0,0,0,0,1,0,1,0,0,106
54,Bathing Soap,80,63,74,144,320,1,0,0,0,0,0,0,0,0,0,0,0,0,0,1,0,115
54,Detergent,19.6,14.5,17.7,22.4,320,1,1,0,0,0,0,0,0,0,0,0,0,0,0,0,0,25.4
54,Dishwashing Liquid,10.7,8.5,10.1,25,320,1,0,1,0,0,0,0,0,0,0,0,0,0,0,0,0,11.4
54,Drinking Water,3647,2467,2968,11396,320,1,0,0,1,0,0,0,0,0,0,0,0,1,0,0,0,5883
54,Floor Cleaner,13,11.4,12,34,320,1,0,0,0,1,0,0,0,0,0,0,0,0,0,0,0,15.9
54,Garbage Bags,14,11,16,24,320,1,0,0,0,0,1,0,0,0,0,0,0,0,0,0,0,21
54,Handwash,8.2,6.3,7,11.5,320,1,0,0,0,0,0,1,0,0,0,0,0,0,0,1,0,11.9
54,Notebooks,29,20,24,48,320,1,0,0,0,0,0,0,1,0,0,0,0,0,0,0,1,45
54,Pens,40,29,33,88,320,1,0,0,0,0,0,0,0,1,0,0,0,0,0,0,1,55
54,Phenyl,14.7,15.1,18.5,41.7,320,1,0,0,0,0,0,0,0,0,1,0,0,0,0,0,0,19.8
54,Tissue Paper,19,18,16,52,320,1,0,0,0,0,0,0,0,0,0,1,0,0,1,0,0,24
54,Toilet Paper,106,90,115,151,320,1,0,0,0,0,0,0,0,0,0,0,1,0,1,0,0,158
55,Bathing Soap,115,80,63,173,388,1,0,0,0,0,0,0,0,0,0,0,0,0,0,1,0,151
55,Detergent,25.4,19.6,14.5,45,388,1,1,0,0,0,0,0,0,0,0,0,0,0,0,0,0,29
55,Dishwashing Liquid,11.4,10.7,8.5,13.6,388,1,0,1,0,0,0,0,0,0,0,0,0,0,0,0,0,14.7
55,Drinking Water,5883,3647,2467,8400,388,1,0,0,1,0,0,0,0,0,0,0,0,1,0,0,0,6746
55,Floor Cleaner,15.9,13,11.4,18.1,388,1,0,0,0,1,0,0,0,0,0,0,0,0,0,0,0,17.1
55,Garbage Bags,21,14,11,38,388,1,0,0,0,0,1,0,0,0,0,0,0,0,0,0,0,21
55,Handwash,11.9,8.2,6.3,20,388,1,0,0,0,0,0,1,0,0,0,0,0,0,0,1,0,14.2
55,Notebooks,45,29,20,99,388,1,0,0,0,0,0,0,1,0,0,0,0,0,0,0,1,43
55,Pens,55,40,29,83,388,1,0,0,0,0,0,0,0,1,0,0,0,0,0,0,1,70
55,Phenyl,19.8,14.7,15.1,36.9,388,1,0,0,0,0,0,0,0,0,1,0,0,0,0,0,0,20.5
55,Tissue Paper,24,19,18,72,388,1,0,0,0,0,0,0,0,0,0,1,0,0,1,0,0,31
55,Toilet Paper,158,106,90,360,388,1,0,0,0,0,0,0,0,0,0,0,1,0,1,0,0,197
56,Bathing Soap,151,115,80,310,389,1,0,0,0,0,0,0,0,0,0,0,0,0,0,1,0,138
56,Detergent,29,25.4,19.6,51,389,1,1,0,0,0,0,0,0,0,0,0,0,0,0,0,0,27.9
56,Dishwashing Liquid,14.7,11.4,10.7,30,389,1,0,1,0,0,0,0,0,0,0,0,0,0,0,0,0,14.7
56,Drinking Water,6746,5883,3647,10094,389,1,0,0,1,0,0,0,0,0,0,0,0,1,0,0,0,6266
56,Floor Cleaner,17.1,15.9,13,41,389,1,0,0,0,1,0,0,0,0,0,0,0,0,0,0,0,17.2
56,Garbage Bags,21,21,14,42,389,1,0,0,0,0,1,0,0,0,0,0,0,0,0,0,0,21
56,Handwash,14.2,11.9,8.2,25.8,389,1,0,0,0,0,0,1,0,0,0,0,0,0,0,1,0,14.6
56,Notebooks,43,45,29,56,389,1,0,0,0,0,0,0,1,0,0,0,0,0,0,0,1,44
56,Pens,70,55,40,163,389,1,0,0,0,0,0,0,0,1,0,0,0,0,0,0,1,64
56,Phenyl,20.5,19.8,14.7,56.4,389,1,0,0,0,0,0,0,0,0,1,0,0,0,0,0,0,20.5
56,Tissue Paper,31,24,19,41,389,1,0,0,0,0,0,0,0,0,0,1,0,0,1,0,0,35
56,Toilet Paper,197,158,106,307,389,1,0,0,0,0,0,0,0,0,0,0,1,0,1,0,0,197
57,Bathing Soap,138,151,115,172,404,2,0,0,0,0,0,0,0,0,0,0,0,0,0,1,0,129
57,Detergent,27.9,29,25.4,68.1,404,2,1,0,0,0,0,0,0,0,0,0,0,0,0,0,0,29.3
57,Dishwashing Liquid,14.7,14.7,11.4,40.3,404,2,0,1,0,0,0,0,0,0,0,0,0,0,0,0,0,15.9
57,Drinking Water,6266,6746,5883,12108,404,2,0,0,1,0,0,0,0,0,0,0,0,1,0,0,0,6404
57,Floor Cleaner,17.2,17.1,15.9,23.8,404,2,0,0,0,1,0,0,0,0,0,0,0,0,0,0,0,18.7
57,Garbage Bags,21,21,21,36,404,2,0,0,0,0,1,0,0,0,0,0,0,0,0,0,0,19
57,Handwash,14.6,14.2,11.9,31.2,404,2,0,0,0,0,0,1,0,0,0,0,0,0,0,1,0,16.1
57,Notebooks,44,43,45,12,404,2,0,0,0,0,0,0,1,0,0,0,0,0,0,0,1,41
57,Pens,64,70,55,99,404,2,0,0,0,0,0,0,0,1,0,0,0,0,0,0,1,53
57,Phenyl,20.5,20.5,19.8,35.9,404,2,0,0,0,0,0,0,0,0,1,0,0,0,0,0,0,18.2
57,Tissue Paper,35,31,24,90,404,2,0,0,0,0,0,0,0,0,0,1,0,0,1,0,0,34
57,Toilet Paper,197,197,158,542,404,2,0,0,0,0,0,0,0,0,0,0,1,0,1,0,0,226
58,Bathing Soap,129,138,151,355,389,2,0,0,0,0,0,0,0,0,0,0,0,0,0,1,0,149
58,Detergent,29.3,27.9,29,58.8,389,2,1,0,0,0,0,0,0,0,0,0,0,0,0,0,0,30.6
58,Dishwashing Liquid,15.9,14.7,14.7,24.4,389,2,0,1,0,0,0,0,0,0,0,0,0,0,0,0,0,13.8
58,Drinking Water,6404,6266,6746,5704,389,2,0,0,1,0,0,0,0,0,0,0,0,1,0,0,0,6445
58,Floor Cleaner,18.7,17.2,17.1,5.1,389,2,0,0,0,1,0,0,0,0,0,0,0,0,0,0,0,18.9
58,Garbage Bags,19,21,21,42,389,2,0,0,0,0,1,0,0,0,0,0,0,0,0,0,0,20
58,Handwash,16.1,14.6,14.2,45.1,389,2,0,0,0,0,0,1,0,0,0,0,0,0,0,1,0,14.1
58,Notebooks,41,44,43,72,389,2,0,0,0,0,0,0,1,0,0,0,0,0,0,0,1,37
58,Pens,53,64,70,196,389,2,0,0,0,0,0,0,0,1,0,0,0,0,0,0,1,68
58,Phenyl,18.2,20.5,20.5,42.7,389,2,0,0,0,0,0,0,0,0,1,0,0,0,0,0,0,18.6
58,Tissue Paper,34,35,31,56,389,2,0,0,0,0,0,0,0,0,0,1,0,0,1,0,0,33
58,Toilet Paper,226,197,197,316,389,2,0,0,0,0,0,0,0,0,0,0,1,0,1,0,0,212
59,Bathing Soap,149,129,138,206,397,2,0,0,0,0,0,0,0,0,0,0,0,0,0,1,0,175
59,Detergent,30.6,29.3,27.9,58.2,397,2,1,0,0,0,0,0,0,0,0,0,0,0,0,0,0,32.5
59,Dishwashing Liquid,13.8,15.9,14.7,45.6,397,2,0,1,0,0,0,0,0,0,0,0,0,0,0,0,0,13.5
59,Drinking Water,6445,6404,6266,13140,397,2,0,0,1,0,0,0,0,0,0,0,0,1,0,0,0,6478
59,Floor Cleaner,18.9,18.7,17.2,40,397,2,0,0,0,1,0,0,0,0,0,0,0,0,0,0,0,14.6
59,Garbage Bags,20,19,21,22,397,2,0,0,0,0,1,0,0,0,0,0,0,0,0,0,0,19
59,Handwash,14.1,16.1,14.6,31,397,2,0,0,0,0,0,1,0,0,0,0,0,0,0,1,0,13.7
59,Notebooks,37,41,44,83,397,2,0,0,0,0,0,0,1,0,0,0,0,0,0,0,1,33
59,Pens,68,53,64,128,397,2,0,0,0,0,0,0,0,1,0,0,0,0,0,0,1,62
59,Phenyl,18.6,18.2,20.5,44.1,397,2,0,0,0,0,0,0,0,0,1,0,0,0,0,0,0,20.1
59,Tissue Paper,33,34,35,83,397,2,0,0,0,0,0,0,0,0,0,1,0,0,1,0,0,28
59,Toilet Paper,212,226,197,560,397,2,0,0,0,0,0,0,0,0,0,0,1,0,1,0,0,230
60,Bathing Soap,175,149,129,319,400,2,0,0,0,0,0,0,0,0,0,0,0,0,0,1,0,159
60,Detergent,32.5,30.6,29.3,75.7,400,2,1,0,0,0,0,0,0,0,0,0,0,0,0,0,0,33
60,Dishwashing Liquid,13.5,13.8,15.9,32.1,400,2,0,1,0,0,0,0,0,0,0,0,0,0,0,0,0,14.1
60,Drinking Water,6478,6445,6404,19182,400,2,0,0,1,0,0,0,0,0,0,0,0,1,0,0,0,6567
60,Floor Cleaner,14.6,18.9,18.7,25.4,400,2,0,0,0,1,0,0,0,0,0,0,0,0,0,0,0,15.2
60,Garbage Bags,19,20,19,43,400,2,0,0,0,0,1,0,0,0,0,0,0,0,0,0,0,20
60,Handwash,13.7,14.1,16.1,32.3,400,2,0,0,0,0,0,1,0,0,0,0,0,0,0,1,0,13.4
60,Notebooks,33,37,41,50,400,2,0,0,0,0,0,0,1,0,0,0,0,0,0,0,1,39
60,Pens,62,68,53,216,400,2,0,0,0,0,0,0,0,1,0,0,0,0,0,0,1,53
60,Phenyl,20.1,18.6,18.2,24,400,2,0,0,0,0,0,0,0,0,1,0,0,0,0,0,0,22.4
60,Tissue Paper,28,33,34,55,400,2,0,0,0,0,0,0,0,0,0,1,0,0,1,0,0,28
60,Toilet Paper,230,212,226,330,400,2,0,0,0,0,0,0,0,0,0,0,1,0,1,0,0,224
61,Bathing Soap,159,175,149,160,403,2,0,0,0,0,0,0,0,0,0,0,0,0,0,1,0,138
61,Detergent,33,32.5,30.6,42.7,403,2,1,0,0,0,0,0,0,0,0,0,0,0,0,0,0,30.5
61,Dishwashing Liquid,14.1,13.5,13.8,18,403,2,0,1,0,0,0,0,0,0,0,0,0,0,0,0,0,14.4
61,Drinking Water,6567,6478,6445,12615,403,2,0,0,1,0,0,0,0,0,0,0,0,1,0,0,0,6591
61,Floor Cleaner,15.2,14.6,18.9,40.2,403,2,0,0,0,1,0,0,0,0,0,0,0,0,0,0,0,15.7
61,Garbage Bags,20,19,20,36,403,2,0,0,0,0,1,0,0,0,0,0,0,0,0,0,0,19
61,Handwash,13.4,13.7,14.1,18.9,403,2,0,0,0,0,0,1,0,0,0,0,0,0,0,1,0,14.6
61,Notebooks,39,33,37,107,403,2,0,0,0,0,0,0,1,0,0,0,0,0,0,0,1,44
61,Pens,53,62,68,163,403,2,0,0,0,0,0,0,0,1,0,0,0,0,0,0,1,49
61,Phenyl,22.4,20.1,18.6,56.6,403,2,0,0,0,0,0,0,0,0,1,0,0,0,0,0,0,20.8
61,Tissue Paper,28,28,33,87,403,2,0,0,0,0,0,0,0,0,0,1,0,0,1,0,0,28
61,Toilet Paper,224,230,212,634,403,2,0,0,0,0,0,0,0,0,0,0,1,0,1,0,0,222
62,Bathing Soap,138,159,175,406,403,3,0,0,0,0,0,0,0,0,0,0,0,0,0,1,0,146
62,Detergent,30.5,33,32.5,62.2,403,3,1,0,0,0,0,0,0,0,0,0,0,0,0,0,0,28.1
62,Dishwashing Liquid,14.4,14.1,13.5,28.6,403,3,0,1,0,0,0,0,0,0,0,0,0,0,0,0,0,14.8
62,Drinking Water,6591,6567,6478,11396,403,3,0,0,1,0,0,0,0,0,0,0,0,1,0,0,0,7088
62,Floor Cleaner,15.7,15.2,14.6,24.5,403,3,0,0,0,1,0,0,0,0,0,0,0,0,0,0,0,14.5
62,Garbage Bags,19,20,19,49,403,3,0,0,0,0,1,0,0,0,0,0,0,0,0,0,0,21
62,Handwash,14.6,13.4,13.7,29.3,403,3,0,0,0,0,0,1,0,0,0,0,0,0,0,1,0,16.4
62,Notebooks,44,39,33,63,403,3,0,0,0,0,0,0,1,0,0,0,0,0,0,0,1,44
62,Pens,49,53,62,114,403,3,0,0,0,0,0,0,0,1,0,0,0,0,0,0,1,51
62,Phenyl,20.8,22.4,20.1,35.8,403,3,0,0,0,0,0,0,0,0,1,0,0,0,0,0,0,24.5
62,Tissue Paper,28,28,28,52,403,3,0,0,0,0,0,0,0,0,0,1,0,0,1,0,0,25
62,Toilet Paper,222,224,230,412,403,3,0,0,0,0,0,0,0,0,0,0,1,0,1,0,0,216
63,Bathing Soap,146,138,159,260,404,3,0,0,0,0,0,0,0,0,0,0,0,0,0,1,0,148
63,Detergent,28.1,30.5,33,34.1,404,3,1,0,0,0,0,0,0,0,0,0,0,0,0,0,0,30.5
63,Dishwashing Liquid,14.8,14.4,14.1,43.8,404,3,0,1,0,0,0,0,0,0,0,0,0,0,0,0,0,15.7
63,Drinking Water,7088,6591,6567,10816,404,3,0,0,1,0,0,0,0,0,0,0,0,1,0,0,0,7463
63,Floor Cleaner,14.5,15.7,15.2,30,404,3,0,0,0,1,0,0,0,0,0,0,0,0,0,0,0,15.7
63,Garbage Bags,21,19,20,36,404,3,0,0,0,0,1,0,0,0,0,0,0,0,0,0,0,23
63,Handwash,16.4,14.6,13.4,37.9,404,3,0,0,0,0,0,1,0,0,0,0,0,0,0,1,0,15.6
63,Notebooks,44,44,39,91,404,3,0,0,0,0,0,0,1,0,0,0,0,0,0,0,1,35
63,Pens,51,49,53,163,404,3,0,0,0,0,0,0,0,1,0,0,0,0,0,0,1,60
63,Phenyl,24.5,20.8,22.4,11.3,404,3,0,0,0,0,0,0,0,0,1,0,0,0,0,0,0,22
63,Tissue Paper,25,28,28,34,404,3,0,0,0,0,0,0,0,0,0,1,0,0,1,0,0,28
63,Toilet Paper,216,222,224,628,404,3,0,0,0,0,0,0,0,0,0,0,1,0,1,0,0,216
64,Bathing Soap,148,146,138,352,397,3,0,0,0,0,0,0,0,0,0,0,0,0,0,1,0,148
64,Detergent,30.5,28.1,30.5,78.6,397,3,1,0,0,0,0,0,0,0,0,0,0,0,0,0,0,30.4
64,Dishwashing Liquid,15.7,14.8,14.4,28.1,397,3,0,1,0,0,0,0,0,0,0,0,0,0,0,0,0,13.5
64,Drinking Water,7463,7088,6591,19953,397,3,0,0,1,0,0,0,0,0,0,0,0,1,0,0,0,7283
64,Floor Cleaner,15.7,14.5,15.7,44.3,397,3,0,0,0,1,0,0,0,0,0,0,0,0,0,0,0,17.6
64,Garbage Bags,23,21,19,45,397,3,0,0,0,0,1,0,0,0,0,0,0,0,0,0,0,21
64,Handwash,15.6,16.4,14.6,22.3,397,3,0,0,0,0,0,1,0,0,0,0,0,0,0,1,0,13.2
64,Notebooks,35,44,44,56,397,3,0,0,0,0,0,0,1,0,0,0,0,0,0,0,1,41
64,Pens,60,51,49,103,397,3,0,0,0,0,0,0,0,1,0,0,0,0,0,0,1,56
64,Phenyl,22,24.5,20.8,40,397,3,0,0,0,0,0,0,0,0,1,0,0,0,0,0,0,20.7
64,Tissue Paper,28,25,28,78,397,3,0,0,0,0,0,0,0,0,0,1,0,0,1,0,0,25
64,Toilet Paper,216,216,222,412,397,3,0,0,0,0,0,0,0,0,0,0,1,0,1,0,0,232
65,Bathing Soap,148,148,146,204,396,3,0,0,0,0,0,0,0,0,0,0,0,0,0,1,0,141
65,Detergent,30.4,30.5,28.1,48.2,396,3,1,0,0,0,0,0,0,0,0,0,0,0,0,0,0,32
65,Dishwashing Liquid,13.5,15.7,14.8,34.6,396,3,0,1,0,0,0,0,0,0,0,0,0,0,0,0,0,14.8
65,Drinking Water,7283,7463,7088,12670,396,3,0,0,1,0,0,0,0,0,0,0,0,1,0,0,0,7160
65,Floor Cleaner,17.6,15.7,14.5,26.7,396,3,0,0,0,1,0,0,0,0,0,0,0,0,0,0,0,15.9
65,Garbage Bags,21,23,21,24,396,3,0,0,0,0,1,0,0,0,0,0,0,0,0,0,0,19
65,Handwash,13.2,15.6,16.4,34.1,396,3,0,0,0,0,0,1,0,0,0,0,0,0,0,1,0,12.8
65,Notebooks,41,35,44,87,396,3,0,0,0,0,0,0,1,0,0,0,0,0,0,0,1,35
65,Pens,56,60,51,147,396,3,0,0,0,0,0,0,0,1,0,0,0,0,0,0,1,57
65,Phenyl,20.7,22,24.5,54.3,396,3,0,0,0,0,0,0,0,0,1,0,0,0,0,0,0,24
65,Tissue Paper,25,28,25,53,396,3,0,0,0,0,0,0,0,0,0,1,0,0,1,0,0,25
65,Toilet Paper,232,216,216,564,396,3,0,0,0,0,0,0,0,0,0,0,1,0,1,0,0,196
66,Bathing Soap,141,148,148,375,398,4,0,0,0,0,0,0,0,0,0,0,0,0,0,1,0,156
66,Detergent,32,30.4,30.5,91.2,398,4,1,0,0,0,0,0,0,0,0,0,0,0,0,0,0,34.1
66,Dishwashing Liquid,14.8,13.5,15.7,19.8,398,4,0,1,0,0,0,0,0,0,0,0,0,0,0,0,0,14.6
66,Drinking Water,7160,7283,7463,15490,398,4,0,0,1,0,0,0,0,0,0,0,0,1,0,0,0,7218
66,Floor Cleaner,15.9,17.6,15.7,35.8,398,4,0,0,0,1,0,0,0,0,0,0,0,0,0,0,0,20.6
66,Garbage Bags,19,21,23,55,398,4,0,0,0,0,1,0,0,0,0,0,0,0,0,0,0,20
66,Handwash,12.8,13.2,15.6,21.3,398,4,0,0,0,0,0,1,0,0,0,0,0,0,0,1,0,13.9
66,Notebooks,35,41,35,52,398,4,0,0,0,0,0,0,1,0,0,0,0,0,0,0,1,47
66,Pens,57,56,60,90,398,4,0,0,0,0,0,0,0,1,0,0,0,0,0,0,1,71
66,Phenyl,24,20.7,22,30.3,398,4,0,0,0,0,0,0,0,0,1,0,0,0,0,0,0,29.3
66,Tissue Paper,25,25,28,76,398,4,0,0,0,0,0,0,0,0,0,1,0,0,1,0,0,26
66,Toilet Paper,196,232,216,368,398,4,0,0,0,0,0,0,0,0,0,0,1,0,1,0,0,181
67,Bathing Soap,156,141,148,219,390,4,0,0,0,0,0,0,0,0,0,0,0,0,0,1,0,159
67,Detergent,34.1,32,30.4,57.1,390,4,1,0,0,0,0,0,0,0,0,0,0,0,0,0,0,33.2
67,Dishwashing Liquid,14.6,14.8,13.5,30.2,390,4,0,1,0,0,0,0,0,0,0,0,0,0,0,0,0,14.2
67,Drinking Water,7218,7160,7283,8272,390,4,0,0,1,0,0,0,0,0,0,0,0,1,0,0,0,6790
67,Floor Cleaner,20.6,15.9,17.6,50.2,390,4,0,0,0,1,0,0,0,0,0,0,0,0,0,0,0,16.3
67,Garbage Bags,20,19,21,35,390,4,0,0,0,0,1,0,0,0,0,0,0,0,0,0,0,18
67,Handwash,13.9,12.8,13.2,32.4,390,4,0,0,0,0,0,1,0,0,0,0,0,0,0,1,0,14.1
67,Notebooks,47,35,41,101,390,4,0,0,0,0,0,0,1,0,0,0,0,0,0,0,1,44
67,Pens,71,57,56,119,390,4,0,0,0,0,0,0,0,1,0,0,0,0,0,0,1,75
67,Phenyl,29.3,24,20.7,1,390,4,0,0,0,0,0,0,0,0,1,0,0,0,0,0,0,23
67,Tissue Paper,26,25,25,50,390,4,0,0,0,0,0,0,0,0,0,1,0,0,1,0,0,26
67,Toilet Paper,181,196,232,499,390,4,0,0,0,0,0,0,0,0,0,0,1,0,1,0,0,186
68,Bathing Soap,159,156,141,300,359,4,0,0,0,0,0,0,0,0,0,0,0,0,0,1,0,133
68,Detergent,33.2,34.1,32,23.9,359,4,1,0,0,0,0,0,0,0,0,0,0,0,0,0,0,31.7
68,Dishwashing Liquid,14.2,14.6,14.8,16,359,4,0,1,0,0,0,0,0,0,0,0,0,0,0,0,0,12.4
68,Drinking Water,6790,7218,7160,14682,359,4,0,0,1,0,0,0,0,0,0,0,0,1,0,0,0,6381
68,Floor Cleaner,16.3,20.6,15.9,33.9,359,4,0,0,0,1,0,0,0,0,0,0,0,0,0,0,0,17.9
68,Garbage Bags,18,20,19,42,359,4,0,0,0,0,1,0,0,0,0,0,0,0,0,0,0,17
68,Handwash,14.1,13.9,12.8,43.3,359,4,0,0,0,0,0,1,0,0,0,0,0,0,0,1,0,13.5
68,Notebooks,44,47,35,57,359,4,0,0,0,0,0,0,1,0,0,0,0,0,0,0,1,39
68,Pens,75,71,57,44,359,4,0,0,0,0,0,0,0,1,0,0,0,0,0,0,1,62
68,Phenyl,23,29.3,24,55,359,4,0,0,0,0,0,0,0,0,1,0,0,0,0,0,0,24.6
68,Tissue Paper,26,26,25,24,359,4,0,0,0,0,0,0,0,0,0,1,0,0,1,0,0,26
68,Toilet Paper,186,181,196,313,359,4,0,0,0,0,0,0,0,0,0,0,1,0,1,0,0,180
69,Bathing Soap,133,159,156,167,353,4,0,0,0,0,0,0,0,0,0,0,0,0,0,1,0,142
69,Detergent,31.7,33.2,34.1,70,353,4,1,0,0,0,0,0,0,0,0,0,0,0,0,0,0,30.8
69,Dishwashing Liquid,12.4,14.2,14.6,28.6,353,4,0,1,0,0,0,0,0,0,0,0,0,0,0,0,0,13.2
69,Drinking Water,6381,6790,7218,8301,353,4,0,0,1,0,0,0,0,0,0,0,0,1,0,0,0,6435
69,Floor Cleaner,17.9,16.3,20.6,41,353,4,0,0,0,1,0,0,0,0,0,0,0,0,0,0,0,16.5
69,Garbage Bags,17,18,20,50,353,4,0,0,0,0,1,0,0,0,0,0,0,0,0,0,0,19
69,Handwash,13.5,14.1,13.9,28,353,4,0,0,0,0,0,1,0,0,0,0,0,0,0,1,0,13.9
69,Notebooks,39,44,47,138,353,4,0,0,0,0,0,0,1,0,0,0,0,0,0,0,1,40
69,Pens,62,75,71,100,353,4,0,0,0,0,0,0,0,1,0,0,0,0,0,0,1,56
69,Phenyl,24.6,23,29.3,43.4,353,4,0,0,0,0,0,0,0,0,1,0,0,0,0,0,0,25.9
69,Tissue Paper,26,26,26,60,353,4,0,0,0,0,0,0,0,0,0,1,0,0,1,0,0,27
69,Toilet Paper,180,186,181,517,353,4,0,0,0,0,0,0,0,0,0,0,1,0,1,0,0,189
70,Bathing Soap,142,133,159,313,275,5,0,0,0,0,0,0,0,0,0,0,0,0,0,1,0,129
70,Detergent,30.8,31.7,33.2,39.2,275,5,1,0,0,0,0,0,0,0,0,0,0,0,0,0,0,25.4
70,Dishwashing Liquid,13.2,12.4,14.2,15.4,275,5,0,1,0,0,0,0,0,0,0,0,0,0,0,0,0,9.8
70,Drinking Water,6435,6381,6790,14746,275,5,0,0,1,0,0,0,0,0,0,0,0,1,0,0,0,5486
70,Floor Cleaner,16.5,17.9,16.3,24.5,275,5,0,0,0,1,0,0,0,0,0,0,0,0,0,0,0,16
70,Garbage Bags,19,17,18,31,275,5,0,0,0,0,1,0,0,0,0,0,0,0,0,0,0,16
70,Handwash,13.9,13.5,14.1,40.9,275,5,0,0,0,0,0,1,0,0,0,0,0,0,0,1,0,11.6
70,Notebooks,40,39,44,98,275,5,0,0,0,0,0,0,1,0,0,0,0,0,0,0,1,23
70,Pens,56,62,75,144,275,5,0,0,0,0,0,0,0,1,0,0,0,0,0,0,1,33
70,Phenyl,25.9,24.6,23,59.5,275,5,0,0,0,0,0,0,0,0,1,0,0,0,0,0,0,21.5
70,Tissue Paper,27,26,26,33,275,5,0,0,0,0,0,0,0,0,0,1,0,0,1,0,0,23
70,Toilet Paper,189,180,186,328,275,5,0,0,0,0,0,0,0,0,0,0,1,0,1,0,0,149
71,Bathing Soap,129,142,133,184,261,5,0,0,0,0,0,0,0,0,0,0,0,0,0,1,0,117
71,Detergent,25.4,30.8,31.7,83.8,261,5,1,0,0,0,0,0,0,0,0,0,0,0,0,0,0,22.8
71,Dishwashing Liquid,9.8,13.2,12.4,25.6,261,5,0,1,0,0,0,0,0,0,0,0,0,0,0,0,0,10.6
71,Drinking Water,5486,6435,6381,9260,261,5,0,0,1,0,0,0,0,0,0,0,0,1,0,0,0,5110
71,Floor Cleaner,16,16.5,17.9,53.5,261,5,0,0,0,1,0,0,0,0,0,0,0,0,0,0,0,13.6
71,Garbage Bags,16,19,17,40,261,5,0,0,0,0,1,0,0,0,0,0,0,0,0,0,0,15
71,Handwash,11.6,13.9,13.5,29.3,261,5,0,0,0,0,0,1,0,0,0,0,0,0,0,1,0,12.1
71,Notebooks,23,40,39,75,261,5,0,0,0,0,0,0,1,0,0,0,0,0,0,0,1,21
71,Pens,33,56,62,111,261,5,0,0,0,0,0,0,0,1,0,0,0,0,0,0,1,35
71,Phenyl,21.5,25.9,24.6,38,261,5,0,0,0,0,0,0,0,0,1,0,0,0,0,0,0,20.8
71,Tissue Paper,23,27,26,58,261,5,0,0,0,0,0,0,0,0,0,1,0,0,1,0,0,22
71,Toilet Paper,149,189,180,179,261,5,0,0,0,0,0,0,0,0,0,0,1,0,1,0,0,137
72,Bathing Soap,117,129,142,355,160,5,0,0,0,0,0,0,0,0,0,0,0,0,0,1,0,71
72,Detergent,22.8,25.4,30.8,61,160,5,1,0,0,0,0,0,0,0,0,0,0,0,0,0,0,14.7
72,Dishwashing Liquid,10.6,9.8,13.2,15,160,5,0,1,0,0,0,0,0,0,0,0,0,0,0,0,0,7.4
72,Drinking Water,5110,5486,6435,16470,160,5,0,0,1,0,0,0,0,0,0,0,0,1,0,0,0,3196
72,Floor Cleaner,13.6,16,16.5,39.9,160,5,0,0,0,1,0,0,0,0,0,0,0,0,0,0,0,13.4
72,Garbage Bags,15,16,19,25,160,5,0,0,0,0,1,0,0,0,0,0,0,0,0,0,0,11
72,Handwash,12.1,11.6,13.9,17.2,160,5,0,0,0,0,0,1,0,0,0,0,0,0,0,1,0,7.5
72,Notebooks,21,23,40,54,160,5,0,0,0,0,0,0,1,0,0,0,0,0,0,0,1,16
72,Pens,35,33,56,76,160,5,0,0,0,0,0,0,0,1,0,0,0,0,0,0,1,24
72,Phenyl,20.8,21.5,25.9,67.2,160,5,0,0,0,0,0,0,0,0,1,0,0,0,0,0,0,17.6
72,Tissue Paper,22,23,27,36,160,5,0,0,0,0,0,0,0,0,0,1,0,0,1,0,0,15
72,Toilet Paper,137,149,189,258,160,5,0,0,0,0,0,0,0,0,0,0,1,0,1,0,0,91
73,Bathing Soap,71,117,129,284,136,5,0,0,0,0,0,0,0,0,0,0,0,0,0,1,0,60
73,Detergent,14.7,22.8,25.4,46.3,136,5,1,0,0,0,0,0,0,0,0,0,0,0,0,0,0,12.9
73,Dishwashing Liquid,7.4,10.6,9.8,22.6,136,5,0,1,0,0,0,0,0,0,0,0,0,0,0,0,0,7.1
73,Drinking Water,3196,5110,5486,13274,136,5,0,0,1,0,0,0,0,0,0,0,0,1,0,0,0,2607
73,Floor Cleaner,13.4,13.6,16,26.5,136,5,0,0,0,1,0,0,0,0,0,0,0,0,0,0,0,12.6
73,Garbage Bags,11,15,16,29,136,5,0,0,0,0,1,0,0,0,0,0,0,0,0,0,0,11
73,Handwash,7.5,12.1,11.6,29.7,136,5,0,0,0,0,0,1,0,0,0,0,0,0,0,1,0,6.2
73,Notebooks,16,21,23,38,136,5,0,0,0,0,0,0,1,0,0,0,0,0,0,0,1,14
73,Pens,24,35,33,52,136,5,0,0,0,0,0,0,0,1,0,0,0,0,0,0,1,19
73,Phenyl,17.6,20.8,21.5,49.6,136,5,0,0,0,0,0,0,0,0,1,0,0,0,0,0,0,15.3
73,Tissue Paper,15,22,23,57,136,5,0,0,0,0,0,0,0,0,0,1,0,0,1,0,0,12
73,Toilet Paper,91,137,149,329,136,5,0,0,0,0,0,0,0,0,0,0,1,0,1,0,0,80
74,Bathing Soap,60,71,117,224,127,5,0,0,0,0,0,0,0,0,0,0,0,0,0,1,0,59
74,Detergent,12.9,14.7,22.8,33.4,127,5,1,0,0,0,0,0,0,0,0,0,0,0,0,0,0,12.6
74,Dishwashing Liquid,7.1,7.4,10.6,15.5,127,5,0,1,0,0,0,0,0,0,0,0,0,0,0,0,0,6.9
74,Drinking Water,2607,3196,5110,10667,127,5,0,0,1,0,0,0,0,0,0,0,0,1,0,0,0,2329
74,Floor Cleaner,12.6,13.4,13.6,13.9,127,5,0,0,0,1,0,0,0,0,0,0,0,0,0,0,0,11.7
74,Garbage Bags,11,11,15,18,127,5,0,0,0,0,1,0,0,0,0,0,0,0,0,0,0,11
74,Handwash,6.2,7.5,12.1,23.5,127,5,0,0,0,0,0,1,0,0,0,0,0,0,0,1,0,6.2
74,Notebooks,14,16,21,24,127,5,0,0,0,0,0,0,1,0,0,0,0,0,0,0,1,15
74,Pens,19,24,35,33,127,5,0,0,0,0,0,0,0,1,0,0,0,0,0,0,1,19
74,Phenyl,15.3,17.6,20.8,34.3,127,5,0,0,0,0,0,0,0,0,1,0,0,0,0,0,0,15.4
74,Tissue Paper,12,15,22,45,127,5,0,0,0,0,0,0,0,0,0,1,0,0,1,0,0,12
74,Toilet Paper,80,91,137,327,127,5,0,0,0,0,0,0,0,0,0,0,1,0,1,0,0,73
75,Bathing Soap,59,60,71,165,127,6,0,0,0,0,0,0,0,0,0,0,0,0,0,1,0,52
75,Detergent,12.6,12.9,14.7,20.8,127,6,1,0,0,0,0,0,0,0,0,0,0,0,0,0,0,12.4
75,Dishwashing Liquid,6.9,7.1,7.4,18.6,127,6,0,1,0,0,0,0,0,0,0,0,0,0,0,0,0,7.4
75,Drinking Water,2329,2607,3196,8338,127,6,0,0,1,0,0,0,0,0,0,0,0,1,0,0,0,2262
75,Floor Cleaner,11.7,12.6,13.4,37.2,127,6,0,0,0,1,0,0,0,0,0,0,0,0,0,0,0,12.5
75,Garbage Bags,11,11,11,7,127,6,0,0,0,0,1,0,0,0,0,0,0,0,0,0,0,11
75,Handwash,6.2,6.2,7.5,17.3,127,6,0,0,0,0,0,1,0,0,0,0,0,0,0,1,0,5.8
75,Notebooks,15,14,16,57,127,6,0,0,0,0,0,0,1,0,0,0,0,0,0,0,1,15
75,Pens,19,19,24,113,127,6,0,0,0,0,0,0,0,1,0,0,0,0,0,0,1,18
75,Phenyl,15.4,15.3,17.6,18.9,127,6,0,0,0,0,0,0,0,0,1,0,0,0,0,0,0,16.5
75,Tissue Paper,12,12,15,33,127,6,0,0,0,0,0,0,0,0,0,1,0,0,1,0,0,11
75,Toilet Paper,73,80,91,254,127,6,0,0,0,0,0,0,0,0,0,0,1,0,1,0,0,74
76,Bathing Soap,52,59,60,113,127,6,0,0,0,0,0,0,0,0,0,0,0,0,0,1,0,54
76,Detergent,12.4,12.6,12.9,38.4,127,6,1,0,0,0,0,0,0,0,0,0,0,0,0,0,0,12.8
76,Dishwashing Liquid,7.4,6.9,7.1,11.2,127,6,0,1,0,0,0,0,0,0,0,0,0,0,0,0,0,7.1
76,Drinking Water,2262,2329,2607,6076,127,6,0,0,1,0,0,0,0,0,0,0,0,1,0,0,0,2264
76,Floor Cleaner,12.5,11.7,12.6,24.7,127,6,0,0,0,1,0,0,0,0,0,0,0,0,0,0,0,11
76,Garbage Bags,11,11,11,20,127,6,0,0,0,0,1,0,0,0,0,0,0,0,0,0,0,11
76,Handwash,5.8,6.2,6.2,11.5,127,6,0,0,0,0,0,1,0,0,0,0,0,0,0,1,0,6.3
76,Notebooks,15,15,14,42,127,6,0,0,0,0,0,0,1,0,0,0,0,0,0,0,1,14
76,Pens,18,19,19,46,127,6,0,0,0,0,0,0,0,1,0,0,0,0,0,0,1,17
76,Phenyl,16.5,15.4,15.3,42.4,127,6,0,0,0,0,0,0,0,0,1,0,0,0,0,0,0,18.3
76,Tissue Paper,11,12,12,22,127,6,0,0,0,0,0,0,0,0,0,1,0,0,1,0,0,11
76,Toilet Paper,74,73,80,180,127,6,0,0,0,0,0,0,0,0,0,0,1,0,1,0,0,72
77,Bathing Soap,54,52,59,107,204,6,0,0,0,0,0,0,0,0,0,0,0,0,0,1,0,83
77,Detergent,12.8,12.4,12.6,25.6,204,6,1,0,0,0,0,0,0,0,0,0,0,0,0,0,0,19
77,Dishwashing Liquid,7.1,7.4,6.9,19.1,204,6,0,1,0,0,0,0,0,0,0,0,0,0,0,0,0,9
77,Drinking Water,2264,2262,2329,3812,204,6,0,0,1,0,0,0,0,0,0,0,0,1,0,0,0,4017
77,Floor Cleaner,11,12.5,11.7,13.7,204,6,0,0,0,1,0,0,0,0,0,0,0,0,0,0,0,15
77,Garbage Bags,11,11,11,9,204,6,0,0,0,0,1,0,0,0,0,0,0,0,0,0,0,14
77,Handwash,6.3,5.8,6.2,20.2,204,6,0,0,0,0,0,1,0,0,0,0,0,0,0,1,0,9.5
77,Notebooks,14,15,15,28,204,6,0,0,0,0,0,0,1,0,0,0,0,0,0,0,1,19
77,Pens,17,18,19,29,204,6,0,0,0,0,0,0,0,1,0,0,0,0,0,0,1,24
77,Phenyl,18.3,16.5,15.4,24.1,204,6,0,0,0,0,0,0,0,0,1,0,0,0,0,0,0,22.8
77,Tissue Paper,11,11,12,35,204,6,0,0,0,0,0,0,0,0,0,1,0,0,1,0,0,16
77,Toilet Paper,72,74,73,108,204,6,0,0,0,0,0,0,0,0,0,0,1,0,1,0,0,108
78,Bathing Soap,83,54,52,24,226,6,0,0,0,0,0,0,0,0,0,0,0,0,0,1,0,103
78,Detergent,19,12.8,12.4,31.6,226,6,1,0,0,0,0,0,0,0,0,0,0,0,0,0,0,20.7
78,Dishwashing Liquid,9,7.1,7.4,10.1,226,6,0,1,0,0,0,0,0,0,0,0,0,0,0,0,0,9.5
78,Drinking Water,4017,2264,2262,7300,226,6,0,0,1,0,0,0,0,0,0,0,0,1,0,0,0,4223
78,Floor Cleaner,15,11,12.5,40,226,6,0,0,0,1,0,0,0,0,0,0,0,0,0,0,0,14.9
78,Garbage Bags,14,11,11,15,226,6,0,0,0,0,1,0,0,0,0,0,0,0,0,0,0,15
78,Handwash,9.5,6.3,5.8,10.7,226,6,0,0,0,0,0,1,0,0,0,0,0,0,0,1,0,10.3
78,Notebooks,19,14,15,9,226,6,0,0,0,0,0,0,1,0,0,0,0,0,0,0,1,18
78,Pens,24,17,18,55,226,6,0,0,0,0,0,0,0,1,0,0,0,0,0,0,1,32
78,Phenyl,22.8,18.3,16.5,41.3,226,6,0,0,0,0,0,0,0,0,1,0,0,0,0,0,0,21.5
78,Tissue Paper,16,11,11,19,226,6,0,0,0,0,0,0,0,0,0,1,0,0,1,0,0,17
78,Toilet Paper,108,72,74,240,226,6,0,0,0,0,0,0,0,0,0,0,1,0,1,0,0,123
79,Bathing Soap,103,83,54,144,342,7,0,0,0,0,0,0,0,0,0,0,0,0,0,1,0,139
79,Detergent,20.7,19,12.8,45.9,342,7,1,0,0,0,0,0,0,0,0,0,0,0,0,0,0,32.1
79,Dishwashing Liquid,9.5,9,7.1,25.6,342,7,0,1,0,0,0,0,0,0,0,0,0,0,0,0,0,13.2
79,Drinking Water,4223,4017,2264,7157,342,7,0,0,1,0,0,0,0,0,0,0,0,1,0,0,0,6331
79,Floor Cleaner,14.9,15,11,25.1,342,7,0,0,0,1,0,0,0,0,0,0,0,0,0,0,0,17.8
79,Garbage Bags,15,14,11,35,342,7,0,0,0,0,1,0,0,0,0,0,0,0,0,0,0,21
79,Handwash,10.3,9.5,6.3,20.4,342,7,0,0,0,0,0,1,0,0,0,0,0,0,0,1,0,16.4
79,Notebooks,18,19,14,48,342,7,0,0,0,0,0,0,1,0,0,0,0,0,0,0,1,41
79,Pens,32,24,17,73,342,7,0,0,0,0,0,0,0,1,0,0,0,0,0,0,1,59
79,Phenyl,21.5,22.8,18.3,19.8,342,7,0,0,0,0,0,0,0,0,1,0,0,0,0,0,0,24.8
79,Tissue Paper,17,16,11,38,342,7,0,0,0,0,0,0,0,0,0,1,0,0,1,0,0,23
79,Toilet Paper,123,108,72,117,342,7,0,0,0,0,0,0,0,0,0,0,1,0,1,0,0,180
80,Bathing Soap,139,103,83,293,374,7,0,0,0,0,0,0,0,0,0,0,0,0,0,1,0,164
80,Detergent,32.1,20.7,19,13.8,374,7,1,0,0,0,0,0,0,0,0,0,0,0,0,0,0,30.7
80,Dishwashing Liquid,13.2,9.5,9,27.4,374,7,0,1,0,0,0,0,0,0,0,0,0,0,0,0,0,14
80,Drinking Water,6331,4223,4017,9526,374,7,0,0,1,0,0,0,0,0,0,0,0,1,0,0,0,6620
80,Floor Cleaner,17.8,14.9,15,37.3,374,7,0,0,0,1,0,0,0,0,0,0,0,0,0,0,0,18
80,Garbage Bags,21,15,14,14,374,7,0,0,0,0,1,0,0,0,0,0,0,0,0,0,0,21
80,Handwash,16.4,10.3,9.5,24,374,7,0,0,0,0,0,1,0,0,0,0,0,0,0,1,0,16.3
80,Notebooks,41,18,19,55,374,7,0,0,0,0,0,0,1,0,0,0,0,0,0,0,1,44
80,Pens,59,32,24,114,374,7,0,0,0,0,0,0,0,1,0,0,0,0,0,0,1,64
80,Phenyl,24.8,21.5,22.8,45,374,7,0,0,0,0,0,0,0,0,1,0,0,0,0,0,0,26.9
80,Tissue Paper,23,17,16,51,374,7,0,0,0,0,0,0,0,0,0,1,0,0,1,0,0,26
80,Toilet Paper,180,123,108,0,374,7,0,0,0,0,0,0,0,0,0,0,1,0,1,0,0,193
